symbol,date,portfolio_value,action,requested_action,action_blocked,reward,strategy
ALFA,2023-10-20,10000.0,0,2.0,False,0.0,
ALFA,2023-10-23,10000.0,0,2.0,False,0.0,
ALFA,2023-10-24,10000.0,0,2.0,False,0.0,
ALFA,2023-10-25,10000.0,0,2.0,False,0.0,
ALFA,2023-10-26,10000.0,0,2.0,False,0.0,
ALFA,2023-10-27,10000.0,0,2.0,False,0.0,
ALFA,2023-10-30,10000.0,0,2.0,False,0.0,
ALFA,2023-10-31,10000.0,0,0.0,False,0.0,
ALFA,2023-11-01,10084.41731229465,1,1.0,False,0.008206299082514796,
ALFA,2023-11-02,9966.49697805541,0,0.0,False,-0.011762226106136345,
ALFA,2023-11-03,10156.142051677281,0,1.0,False,0.01884948474517211,
ALFA,2023-11-06,9942.588731594533,0,0.0,False,-0.02125122818052478,
ALFA,2023-11-07,9810.080314768995,0,1.0,False,-0.013416961960834663,
ALFA,2023-11-08,9855.060236076746,0,1.0,False,0.004574592246850578,
ALFA,2023-11-09,10044.30008518233,0,1.0,False,0.019020265087113634,
ALFA,2023-11-10,10056.8620451872,0,0.0,False,0.0012498741673479961,
ALFA,2023-11-13,10121.697967792967,0,0.0,False,0.006426241088465485,
ALFA,2023-11-14,10128.181560053543,0,1.0,False,0.0006403586226984833,
ALFA,2023-11-15,10000.130612907153,0,1.0,False,-0.012723637587249766,
ALFA,2023-11-16,9960.823834827404,0,1.0,False,-0.00393837168349775,
ALFA,2023-11-17,9817.374356062144,0,1.0,False,-0.014506073084323771,
ALFA,2023-11-20,9680.408469557458,0,1.0,False,-0.014049611765103153,
ALFA,2023-11-21,9730.656309576929,0,0.0,False,0.005177248422759949,
ALFA,2023-11-22,9608.278505658542,0,0.0,False,-0.012656274881337125,
ALFA,2023-11-23,9649.206181803433,0,1.0,False,0.004250579806303381,
ALFA,2023-11-24,9512.240295298747,0,0.0,False,-0.014296229613211546,
ALFA,2023-11-27,9548.305277248206,0,1.0,False,0.003784259464304221,
ALFA,2023-11-28,9498.057437228736,0,0.0,False,-0.005276383459519418,
ALFA,2023-11-29,9663.389039873444,0,1.0,False,0.017257121576368342,
ALFA,2023-11-30,9699.454021822903,0,0.0,False,0.0037251785329815087,
ALFA,2023-12-01,9848.576643816168,0,0.0,False,0.01525734406135009,
ALFA,2023-12-04,9782.119823145256,0,0.0,False,-0.006770730184031597,
ALFA,2023-12-05,9787.387741856975,0,0.0,False,0.000538380316567987,
ALFA,2023-12-06,9677.571897943455,0,0.0,False,-0.011283558874760609,
ALFA,2023-12-07,9642.722589542856,0,0.0,False,-0.0036075377855334513,
ALFA,2023-12-08,9624.487486309983,0,0.0,False,-0.001892864468252966,
ALFA,2023-12-11,9542.226909503914,0,1.0,False,-0.008583743691391555,
ALFA,2023-12-12,9382.56845008721,0,1.0,False,-0.016873339382478206,
ALFA,2023-12-13,9229.393582931083,0,0.0,False,-0.016460201807800286,
ALFA,2023-12-14,8952.220013791424,0,1.0,False,-0.0304917979367954,
ALFA,2023-12-15,8852.534782785058,0,1.0,False,-0.011197713617589488,
ALFA,2023-12-18,8921.828175069972,0,1.0,False,0.007797043809683826,
ALFA,2023-12-19,8760.548817588124,0,0.0,False,-0.018242324558708084,
ALFA,2023-12-20,8610.615746562285,0,1.0,False,-0.017262722232732022,
ALFA,2023-12-21,8784.051839532714,0,1.0,False,0.0199419551731913,
ALFA,2023-12-22,8720.431590475804,0,0.0,False,-0.007269055319202894,
ALFA,2023-12-25,8755.280898876405,0,1.0,False,0.003988318601209457,
ALFA,2023-12-26,8819.711596965888,0,1.0,False,0.00733212110946783,
ALFA,2023-12-27,8891.841560864805,0,0.0,False,0.008145007049471487,
ALFA,2023-12-28,8754.470449843833,0,0.0,False,-0.015569699323087868,
ALFA,2023-12-29,8738.666693708677,0,0.0,False,-0.001806852630838152,
ALFA,2024-01-01,8579.008234291974,0,0.0,False,-0.01843930941300356,
ALFA,2024-01-02,8839.162373747617,0,1.0,False,0.02987380164922628,
ALFA,2024-01-03,8683.961384010061,0,0.0,False,-0.017714312850543635,
ALFA,2024-01-04,8574.14554009654,0,1.0,False,-0.012726462591333847,
ALFA,2024-01-05,8451.767736178153,0,0.0,False,-0.014375723579653863,
ALFA,2024-01-08,8299.403318054598,0,0.0,False,-0.01819199621024517,
ALFA,2024-01-09,8442.042347787288,0,1.0,False,0.01704064084199197,
ALFA,2024-01-10,8680.719587879772,0,0.0,False,0.027880163396193106,
ALFA,2024-01-11,8631.282196892873,0,0.0,False,-0.0057113586270585645,
ALFA,2024-01-12,8489.858840709041,0,0.0,False,-0.01652069478950425,
ALFA,2024-01-15,8275.495071593721,0,1.0,False,-0.025573626792528812,
ALFA,2024-01-16,8258.475641909708,0,1.0,False,-0.0020587233387673143,
ALFA,2024-01-17,8233.351721899973,0,1.0,False,-0.003046835125225565,
ALFA,2024-01-18,8175.404616071067,0,1.0,False,-0.007062978513340873,
ALFA,2024-01-19,8198.097188983085,0,1.0,False,0.0027718673392642355,
ALFA,2024-01-22,8239.83531416055,0,1.0,False,0.005078280357692777,
ALFA,2024-01-23,8263.33833610514,0,1.0,False,0.002848305220844944,
ALFA,2024-01-24,8215.927067699671,0,1.0,False,-0.005754067072337791,
ALFA,2024-01-25,8109.758244432726,0,1.0,False,-0.013006537605988511,
ALFA,2024-01-26,8178.241187685069,0,1.0,False,0.00840905564684902,
ALFA,2024-01-29,8190.397923173651,0,1.0,False,0.001485369387325091,
ALFA,2024-01-30,8291.298827728879,0,0.0,False,0.012244147754760239,
ALFA,2024-01-31,8383.690017442097,0,0.0,False,0.01108152287718384,
ALFA,2024-02-01,8233.756946416259,0,1.0,False,-0.01804574916072991,
ALFA,2024-02-02,8090.307467650997,0,1.0,False,-0.01757566838569172,
ALFA,2024-02-05,8022.22974891494,0,1.0,False,-0.008450329445790432,
ALFA,2024-02-06,7941.18484565773,0,1.0,False,-0.010153917772477136,
ALFA,2024-02-07,8025.471545045229,0,1.0,False,0.010557937776962857,
ALFA,2024-02-08,8068.020119255263,0,0.0,False,0.005287687002224892,
ALFA,2024-02-09,8171.757595424492,0,1.0,False,0.012775899894918633,
ALFA,2024-02-12,8204.175556727378,0,0.0,False,0.0039592252055365125,
ALFA,2024-02-13,8231.325599318541,0,1.0,False,0.0033038319950578587,
ALFA,2024-02-14,8341.951892264635,0,0.0,False,0.013350157932749922,
ALFA,2024-02-15,8387.742262604957,0,0.0,False,0.005474156821285619,
ALFA,2024-02-16,8394.225854865534,0,0.0,False,0.0007726856037116336,
ALFA,2024-02-19,8557.126110412526,0,0.0,False,0.01922032776473907,
ALFA,2024-02-20,8566.851498803391,0,0.0,False,0.001135879718890927,
ALFA,2024-02-21,8516.60365878392,0,0.0,False,-0.005882648967719968,
ALFA,2024-02-22,8435.963980042998,0,0.0,False,-0.00951363695199841,
ALFA,2024-02-23,8502.42080071391,0,0.0,False,0.007846930216017069,
ALFA,2024-02-26,8630.066523344016,0,0.0,False,0.014901290416064786,
ALFA,2024-02-27,8625.203829148582,0,0.0,False,-0.0005636184452430127,
ALFA,2024-02-28,8759.73836855555,0,1.0,False,0.0154774428958001,
ALFA,2024-02-29,8560.367906542815,0,0.0,False,-0.02302286893267799,
ALFA,2024-03-01,8543.3484768588,0,1.0,False,-0.0019901447053812717,
ALFA,2024-03-04,8536.054435565651,0,0.0,False,-0.0008541331068765168,
ALFA,2024-03-05,8468.38194134588,0,1.0,False,-0.007959434819060732,
ALFA,2024-03-06,8706.65395692208,0,0.0,False,0.027748099632431866,
ALFA,2024-03-07,8687.608404656634,0,0.0,False,-0.0021898669205566187,
ALFA,2024-03-08,8651.948647223462,0,1.0,False,-0.00411311633855049,
ALFA,2024-03-11,8665.321056260902,0,0.0,False,0.0015444018513742074,
ALFA,2024-03-12,8458.25132843873,0,0.0,False,-0.024186521072848653,
ALFA,2024-03-13,8366.265363241797,0,1.0,False,-0.010934861720370889,
ALFA,2024-03-14,8472.028961992455,0,1.0,False,0.012562435081092964,
ALFA,2024-03-15,8395.846752930678,0,0.0,False,-0.009032877446145927,
ALFA,2024-03-18,8316.017523222326,0,0.0,False,-0.009553672238328094,
ALFA,2024-03-19,8440.826674238431,0,0.0,False,0.014896773832863374,
ALFA,2024-03-20,8568.472396868536,0,0.0,False,0.015009215651571123,
ALFA,2024-03-21,8619.125461404292,0,0.0,False,0.005894158287693857,
ALFA,2024-03-22,8572.11941751511,0,1.0,False,-0.005468616306284637,
ALFA,2024-03-25,8543.3484768588,0,1.0,False,-0.0033619843680048013,
ALFA,2024-03-26,8467.166267797023,0,0.0,False,-0.008957132637977594,
ALFA,2024-03-27,8363.428791627794,0,1.0,False,-0.01232740607264038,
ALFA,2024-03-28,8267.795805784286,0,1.0,False,-0.011500540965627101,
ALFA,2024-03-29,8210.253924471668,0,1.0,False,-0.006984092917597045,
ALFA,2024-04-01,8103.679876688436,0,0.0,False,-0.01306558739035664,
ALFA,2024-04-02,7946.452764369448,0,0.0,False,-0.019592628345402742,
ALFA,2024-04-03,7955.772928244028,0,1.0,False,0.0011721837083571505,
ALFA,2024-04-04,7981.707297286334,0,0.0,False,0.003254515966945643,
ALFA,2024-04-05,8142.986654768182,0,0.0,False,0.020004688017606853,
ALFA,2024-04-08,8060.320853445828,0,0.0,False,-0.010203659778240764,
ALFA,2024-04-09,8086.2552224881365,0,0.0,False,0.0032123703777737103,
ALFA,2024-04-10,8110.5686934652995,0,0.0,False,0.0030022539438397115,
ALFA,2024-04-11,8099.22240700929,0,0.0,False,-0.0013999302321323253,
ALFA,2024-04-12,8159.600859935911,0,0.0,False,0.00742719562061014,
ALFA,2024-04-15,8225.652456090538,0,0.0,False,0.008062365917616108,
ALFA,2024-04-16,8267.795805784286,0,0.0,False,0.005110325110980466,
ALFA,2024-04-17,8254.423396746846,0,0.0,False,-0.0016187186228969256,
ALFA,2024-04-18,8215.521843183385,0,0.0,False,-0.0047239532785065385,
ALFA,2024-04-19,8078.150732162415,0,0.0,False,-0.016862296126889526,
ALFA,2024-04-22,8070.072581430252,2,2.0,False,-0.0012005003335835345,
ALFA,2024-04-23,8070.072581430252,0,2.0,False,0.0,
ALFA,2024-04-24,8070.072581430252,0,2.0,False,0.0,
ALFA,2024-04-25,8070.072581430252,0,2.0,False,0.0,
ALFA,2024-04-26,8070.072581430252,0,0.0,False,0.0,
ALFA,2024-04-29,8070.072581430252,0,0.0,False,0.0,
ALFA,2024-04-30,8070.072581430252,0,2.0,False,0.0,
ALFA,2024-05-01,8070.072581430252,0,0.0,False,0.0,
ALFA,2024-05-02,8070.072581430252,0,2.0,False,0.0,
ALFA,2024-05-03,8070.072581430252,0,2.0,False,0.0,
ALFA,2024-05-06,8070.072581430252,0,2.0,False,0.0,
ALFA,2024-05-07,8070.072581430252,0,2.0,False,0.0,
ALFA,2024-05-08,8070.072581430252,0,2.0,False,0.0,
ALFA,2024-05-09,8070.072581430252,0,0.0,False,0.0,
ALFA,2024-05-10,8070.072581430252,0,2.0,False,0.0,
ALFA,2024-05-13,8070.072581430252,0,2.0,False,0.0,
ALFA,2024-05-14,8070.072581430252,0,2.0,False,0.0,
ALFA,2024-05-15,8070.072581430252,0,0.0,False,0.0,
ALFA,2024-05-16,8070.072581430252,0,0.0,False,0.0,
ALFA,2024-05-17,8070.072581430252,0,2.0,False,0.0,
ALFA,2024-05-20,8070.072581430252,0,0.0,False,0.0,
ALFA,2024-05-21,8070.072581430252,0,0.0,False,0.0,
ALFA,2024-05-22,8070.072581430252,0,2.0,False,0.0,
ALFA,2024-05-23,8070.072581430252,0,2.0,False,0.0,
ALFA,2024-05-24,8070.072581430252,0,2.0,False,0.0,
ALFA,2024-05-27,8070.072581430252,0,2.0,False,0.0,
ALFA,2024-05-28,8070.072581430252,0,0.0,False,0.0,
ALFA,2024-05-29,8070.072581430252,0,0.0,False,0.0,
ALFA,2024-05-30,8070.072581430252,0,2.0,False,0.0,
ALFA,2024-05-31,8070.072581430252,0,2.0,False,0.0,
ALFA,2024-06-03,8070.072581430252,0,0.0,False,0.0,
ALFA,2024-06-04,8070.072581430252,0,2.0,False,0.0,
ALFA,2024-06-05,8070.072581430252,0,2.0,False,0.0,
ALFA,2024-06-06,8070.072581430252,0,0.0,False,0.0,
ALFA,2024-06-07,8070.072581430252,0,0.0,False,0.0,
ALFA,2024-06-10,8070.072581430252,0,2.0,False,0.0,
ALFA,2024-06-11,8070.072581430252,0,2.0,False,0.0,
ALFA,2024-06-12,8070.072581430252,0,2.0,False,0.0,
ALFA,2024-06-13,8070.072581430252,0,2.0,False,0.0,
ALFA,2024-06-14,8070.072581430252,0,2.0,False,0.0,
ALFA,2024-06-17,8070.072581430252,0,2.0,False,0.0,
ALFA,2024-06-18,8070.072581430252,0,2.0,False,0.0,
ALFA,2024-06-19,8070.072581430252,0,2.0,False,0.0,
ALFA,2024-06-20,8070.072581430252,0,2.0,False,0.0,
ALFA,2024-06-21,8070.072581430252,0,2.0,False,0.0,
ALFA,2024-06-24,8070.072581430252,0,2.0,False,0.0,
ALFA,2024-06-25,8070.072581430252,0,2.0,False,0.0,
ALFA,2024-06-26,8070.072581430252,0,2.0,False,0.0,
ALFA,2024-06-27,8070.072581430252,0,2.0,False,0.0,
ALFA,2024-06-28,8070.072581430252,0,0.0,False,0.0,
ALFA,2024-07-01,8070.072581430252,0,0.0,False,0.0,
ALFA,2024-07-02,8070.072581430252,0,2.0,False,0.0,
ALFA,2024-07-03,8070.072581430252,0,0.0,False,0.0,
ALFA,2024-07-04,8070.072581430252,0,0.0,False,0.0,
ALFA,2024-07-05,8070.072581430252,0,2.0,False,0.0,
ALFA,2024-07-08,8070.072581430252,0,2.0,False,0.0,
ALFA,2024-07-09,8070.072581430252,0,2.0,False,0.0,
ALFA,2024-07-10,8070.072581430252,0,2.0,False,0.0,
ALFA,2024-07-11,8070.072581430252,0,2.0,False,0.0,
ALFA,2024-07-12,8070.072581430252,0,2.0,False,0.0,
ALFA,2024-07-15,8070.072581430252,0,2.0,False,0.0,
ALFA,2024-07-16,8070.072581430252,0,2.0,False,0.0,
ALFA,2024-07-17,8070.072581430252,0,2.0,False,0.0,
ALFA,2024-07-18,8070.072581430252,0,2.0,False,0.0,
ALFA,2024-07-19,8070.072581430252,0,2.0,False,0.0,
ALFA,2024-07-22,8070.072581430252,0,2.0,False,0.0,
ALFA,2024-07-23,8070.072581430252,0,2.0,False,0.0,
ALFA,2024-07-24,8070.072581430252,0,2.0,False,0.0,
ALFA,2024-07-25,8070.072581430252,0,2.0,False,0.0,
ALFA,2024-07-26,8070.072581430252,0,2.0,False,0.0,
ALFA,2024-07-29,8070.072581430252,0,2.0,False,0.0,
ALFA,2024-07-30,8070.072581430252,0,0.0,False,0.0,
ALFA,2024-07-31,8070.072581430252,0,2.0,False,0.0,
ALFA,2024-08-01,8070.072581430252,0,0.0,False,0.0,
ALFA,2024-08-02,8070.072581430252,0,0.0,False,0.0,
ALFA,2024-08-05,8070.072581430252,0,2.0,False,0.0,
ALFA,2024-08-06,8070.072581430252,0,2.0,False,0.0,
ALFA,2024-08-07,8070.072581430252,0,2.0,False,0.0,
ALFA,2024-08-08,8070.072581430252,0,0.0,False,0.0,
ALFA,2024-08-09,8070.072581430252,0,0.0,False,0.0,
ALFA,2024-08-12,8070.072581430252,0,0.0,False,0.0,
ALFA,2024-08-13,8070.072581430252,0,0.0,False,0.0,
ALFA,2024-08-14,8070.072581430252,0,0.0,False,0.0,
ALFA,2024-08-15,8070.072581430252,0,0.0,False,0.0,
ALFA,2024-08-16,8070.072581430252,0,0.0,False,0.0,
ALFA,2024-08-19,8070.072581430252,0,0.0,False,0.0,
ALFA,2024-08-20,8051.524001288831,1,1.0,False,-0.0025010857802828016,
ALFA,2024-08-21,8045.07568894422,0,0.0,False,-0.0008012018455633852,
ALFA,2024-08-22,8043.060591336529,0,0.0,False,-0.0002505072785465322,
ALFA,2024-08-23,8184.117423874876,0,0.0,False,0.01738569520873211,
ALFA,2024-08-26,8073.2870554518895,0,1.0,False,-0.013634659276892246,
ALFA,2024-08-27,7992.280131622725,0,1.0,False,-0.010084625013995116,
ALFA,2024-08-28,7738.3778330537,0,1.0,False,-0.03228400889291345,
ALFA,2024-08-29,7707.748349416803,0,1.0,False,-0.0039659812981798015,
ALFA,2024-08-30,7674.297729129137,0,1.0,False,-0.004349313849099939,
ALFA,2024-09-02,7634.398796496863,0,1.0,False,-0.0052125957173577795,
ALFA,2024-09-03,7737.974813532162,0,1.0,False,0.01347580888759397,
ALFA,2024-09-04,7814.9515421459455,0,1.0,False,0.009898761866744918,
ALFA,2024-09-05,7823.414952098247,0,1.0,False,0.001082390642488883,
ALFA,2024-09-06,7800.442839370574,0,0.0,False,-0.002940647513358271,
ALFA,2024-09-09,7902.003758798182,0,0.0,False,0.012935861303673293,
ALFA,2024-09-10,7888.301095065885,0,0.0,False,-0.0017355798128980556,
ALFA,2024-09-11,7810.115307887488,0,0.0,False,-0.00996105997627438,
ALFA,2024-09-12,7663.819221569146,0,1.0,False,-0.018909275486219516,
ALFA,2024-09-13,7623.114249893794,0,1.0,False,-0.0053254719729002985,
ALFA,2024-09-16,7679.9400024306715,0,1.0,False,0.007426754527951692,
ALFA,2024-09-17,7904.824895448949,0,0.0,False,0.028861584357184167,
ALFA,2024-09-18,7916.915481095094,0,0.0,False,0.0015283512068697976,
ALFA,2024-09-19,7845.178006261306,0,0.0,False,-0.00910259417269635,
ALFA,2024-09-20,7731.92952070909,0,1.0,False,-0.014540630305386252,
ALFA,2024-09-23,7792.38244893981,0,1.0,False,0.007788201360344651,
ALFA,2024-09-24,7624.323308458409,0,0.0,False,-0.02180307526828158,
ALFA,2024-09-25,7684.37321716759,0,1.0,False,0.007845242291328791,
ALFA,2024-09-26,7764.977121475217,0,1.0,False,0.010434695816315608,
ALFA,2024-09-27,7808.503229801336,0,0.0,False,0.005589787340787637,
ALFA,2024-09-30,7789.964331810581,0,0.0,False,-0.0023770164147957217,
ALFA,2024-10-01,7842.759889132077,0,0.0,False,0.006754517933243934,
ALFA,2024-10-02,7868.15011898898,0,1.0,False,0.003232180942806315,
ALFA,2024-10-03,7789.158292767505,0,1.0,False,-0.010090175697334574,
ALFA,2024-10-04,7951.172140425835,0,1.0,False,0.020586552509501754,
ALFA,2024-10-07,7923.363793439704,0,0.0,False,-0.0035035197938118857,
ALFA,2024-10-08,8003.1616587042545,0,1.0,False,0.010020833892382003,
ALFA,2024-10-09,7775.858648556747,0,1.0,False,-0.028812781863040562,
ALFA,2024-10-10,7899.182622147416,0,1.0,False,0.015735399488109803,
ALFA,2024-10-11,8037.015298513457,0,0.0,False,0.017298494170129568,
ALFA,2024-10-14,8047.09078655191,0,0.0,False,0.0012528503981592278,
ALFA,2024-10-15,8101.901441481097,0,0.0,False,0.006788146854382879,
ALFA,2024-10-16,8153.890959759516,0,1.0,False,0.006396451708520591,
ALFA,2024-10-17,8089.810855834952,0,0.0,False,-0.007889880898874458,
ALFA,2024-10-18,8159.53323306105,0,0.0,False,0.00858161470777037,
ALFA,2024-10-21,8068.0478016718935,0,1.0,False,-0.011275420586980828,
ALFA,2024-10-22,8014.446205307323,0,1.0,False,-0.006665856031697147,
ALFA,2024-10-23,8111.170890476474,0,0.0,False,0.011996544953259558,
ALFA,2024-10-24,8206.283497559474,0,0.0,False,0.011657907173862676,
ALFA,2024-10-25,8134.546022725686,0,0.0,False,-0.008780207346247364,
ALFA,2024-10-28,8047.896825594987,0,1.0,False,-0.010709140277502251,
ALFA,2024-10-29,7989.862014493496,0,1.0,False,-0.007237303540342875,
ALFA,2024-10-30,8058.375333154978,0,1.0,False,0.008538474777869846,
ALFA,2024-10-31,7946.335906167377,0,1.0,False,-0.014001034514650948,
ALFA,2024-11-01,7987.040877842729,0,1.0,False,0.005109407852576969,
ALFA,2024-11-04,8070.062899279585,0,0.0,False,0.010340938492765408,
ALFA,2024-11-05,8073.2870554518895,0,0.0,False,0.0003994407882148664,
ALFA,2024-11-06,8174.444955357962,0,0.0,False,0.012452101858962481,
ALFA,2024-11-07,8145.830569328754,0,0.0,False,-0.003506609346988376,
ALFA,2024-11-08,8136.158100811838,0,0.0,False,-0.0011881189516461993,
ALFA,2024-11-11,8054.345137939597,0,0.0,False,-0.010106376314729099,
ALFA,2024-11-12,8162.354369711817,0,0.0,False,0.01332093856455618,
ALFA,2024-11-13,8080.944426361114,0,0.0,False,-0.010023902907276202,
ALFA,2024-11-14,8117.216183299546,0,1.0,False,0.004478510670177308,
ALFA,2024-11-15,8114.798066170317,0,0.0,False,-0.0002979441873267755,
ALFA,2024-11-18,7999.131463488872,0,0.0,False,-0.014356347913917605,
ALFA,2024-11-19,7945.126847602763,0,0.0,False,-0.006774203146252589,
ALFA,2024-11-20,8095.453129136487,0,1.0,False,0.018743796409164074,
ALFA,2024-11-21,8121.246378514927,0,0.0,False,0.0031810753004259096,
ALFA,2024-11-22,8035.403220427304,0,0.0,False,-0.010626456352324957,
ALFA,2024-11-25,8067.241762628817,0,0.0,False,0.003954453908056629,
ALFA,2024-11-26,8053.539098896522,0,0.0,False,-0.0017000004094166854,
ALFA,2024-11-27,8391.672477467015,0,0.0,False,0.04112820795340902,
ALFA,2024-11-28,8415.047609716226,0,0.0,False,0.0027816429618767705,
ALFA,2024-11-29,8369.909423303956,0,0.0,False,-0.005378422492758392,
ALFA,2024-12-02,8523.862880531522,0,0.0,False,0.018226564970607394,
ALFA,2024-12-03,8348.146369140895,0,0.0,False,-0.02083010532559989,
ALFA,2024-12-04,8350.967505791663,0,0.0,False,0.00033787860825844335,
ALFA,2024-12-05,8559.731617948417,0,0.0,False,0.024691435511164216,
ALFA,2024-12-06,8548.44707134535,0,0.0,False,-0.0013191992490302088,
ALFA,2024-12-09,8374.745657562415,0,0.0,False,-0.02052892936599801,
ALFA,2024-12-10,8340.085978710134,0,0.0,False,-0.004147182488322541,
ALFA,2024-12-11,8494.845474980777,0,1.0,False,0.018386039328986102,
ALFA,2024-12-12,8535.14742713459,0,0.0,False,0.0047330644965178,
ALFA,2024-12-13,8461.79787421465,0,1.0,False,-0.008630963618209423,
ALFA,2024-12-16,8396.105692203935,0,0.0,False,-0.007793675443808429,
ALFA,2024-12-17,8346.131271533206,0,0.0,False,-0.005969879556796615,
ALFA,2024-12-18,8376.760755170104,0,1.0,False,0.0036631843151524574,
ALFA,2024-12-19,8529.908173354595,0,0.0,False,0.018117301268286336,
ALFA,2024-12-20,8642.753639385272,0,0.0,False,0.013142643995956604,
ALFA,2024-12-23,8697.161274792921,0,0.0,False,0.006275441861144914,
ALFA,2024-12-24,8546.02895421612,0,0.0,False,-0.01752995690343461,
ALFA,2024-12-25,8404.569102156234,0,0.0,False,-0.016691226559152852,
ALFA,2024-12-26,8469.455245123874,0,0.0,False,0.007690692089678636,
ALFA,2024-12-27,8336.45880301629,0,0.0,False,-0.015827668543705122,
ALFA,2024-12-30,8299.78402655632,0,0.0,False,-0.00440902867881564,
ALFA,2024-12-31,8339.682959188596,0,0.0,False,0.004795707595132607,
BETA,2023-10-20,10000.0,0,0.0,False,0.0,
BETA,2023-10-23,9891.666666666668,1,1.0,False,-0.011092441166423559,
BETA,2023-10-24,9753.333333333336,0,0.0,False,-0.014083544903753376,
BETA,2023-10-25,9883.333333333334,0,2.0,True,0.013240729851755957,
BETA,2023-10-26,9873.45,2,2.0,False,-0.0012005003335835345,
BETA,2023-10-27,9873.45,0,2.0,False,0.0,
BETA,2023-10-30,9873.45,0,2.0,False,0.0,
BETA,2023-10-31,9873.45,0,0.0,False,0.0,
BETA,2023-11-01,9873.45,0,2.0,False,0.0,
BETA,2023-11-02,9873.45,0,0.0,False,0.0,
BETA,2023-11-03,9873.45,0,2.0,False,0.0,
BETA,2023-11-06,9873.45,0,2.0,False,0.0,
BETA,2023-11-07,9873.45,0,0.0,False,0.0,
BETA,2023-11-08,9873.45,0,2.0,False,0.0,
BETA,2023-11-09,9873.45,0,0.0,False,0.0,
BETA,2023-11-10,9873.45,0,2.0,False,0.0,
BETA,2023-11-13,9873.45,0,2.0,False,0.0,
BETA,2023-11-14,9873.45,0,2.0,False,0.0,
BETA,2023-11-15,9873.45,0,2.0,False,0.0,
BETA,2023-11-16,9873.45,0,2.0,False,0.0,
BETA,2023-11-17,9873.45,0,2.0,False,0.0,
BETA,2023-11-20,9873.45,0,0.0,False,0.0,
BETA,2023-11-21,9873.45,0,2.0,False,0.0,
BETA,2023-11-22,9873.45,0,0.0,False,0.0,
BETA,2023-11-23,9873.45,0,0.0,False,0.0,
BETA,2023-11-24,9873.45,0,2.0,False,0.0,
BETA,2023-11-27,9873.45,0,2.0,False,0.0,
BETA,2023-11-28,9873.45,0,2.0,False,0.0,
BETA,2023-11-29,9873.45,0,0.0,False,0.0,
BETA,2023-11-30,9873.45,0,2.0,False,0.0,
BETA,2023-12-01,9873.45,0,2.0,False,0.0,
BETA,2023-12-04,9873.45,0,2.0,False,0.0,
BETA,2023-12-05,9873.45,0,2.0,False,0.0,
BETA,2023-12-06,9873.45,0,2.0,False,0.0,
BETA,2023-12-07,9873.45,0,0.0,False,0.0,
BETA,2023-12-08,9873.45,0,0.0,False,0.0,
BETA,2023-12-11,9873.45,0,0.0,False,0.0,
BETA,2023-12-12,9873.45,0,0.0,False,0.0,
BETA,2023-12-13,9873.45,0,2.0,False,0.0,
BETA,2023-12-14,9873.45,0,2.0,False,0.0,
BETA,2023-12-15,9873.45,0,2.0,False,0.0,
BETA,2023-12-18,9873.45,0,0.0,False,0.0,
BETA,2023-12-19,9873.45,0,2.0,False,0.0,
BETA,2023-12-20,9873.45,0,0.0,False,0.0,
BETA,2023-12-21,9873.45,0,2.0,False,0.0,
BETA,2023-12-22,9873.45,0,0.0,False,0.0,
BETA,2023-12-25,9873.45,0,2.0,False,0.0,
BETA,2023-12-26,9873.45,0,2.0,False,0.0,
BETA,2023-12-27,9873.45,0,2.0,False,0.0,
BETA,2023-12-28,9873.45,0,0.0,False,0.0,
BETA,2023-12-29,9873.45,0,0.0,False,0.0,
BETA,2024-01-01,9873.45,0,2.0,False,0.0,
BETA,2024-01-02,9873.45,0,0.0,False,0.0,
BETA,2024-01-03,9873.45,0,2.0,False,0.0,
BETA,2024-01-04,9873.45,0,2.0,False,0.0,
BETA,2024-01-05,9873.45,0,2.0,False,0.0,
BETA,2024-01-08,9873.45,0,2.0,False,0.0,
BETA,2024-01-09,9873.45,0,2.0,False,0.0,
BETA,2024-01-10,9873.45,0,2.0,False,0.0,
BETA,2024-01-11,9873.45,0,0.0,False,0.0,
BETA,2024-01-12,9873.45,0,2.0,False,0.0,
BETA,2024-01-15,9873.45,0,2.0,False,0.0,
BETA,2024-01-16,9873.45,0,2.0,False,0.0,
BETA,2024-01-17,9873.45,0,0.0,False,0.0,
BETA,2024-01-18,9873.45,0,0.0,False,0.0,
BETA,2024-01-19,9873.45,0,2.0,False,0.0,
BETA,2024-01-22,9873.45,0,2.0,False,0.0,
BETA,2024-01-23,9873.45,0,0.0,False,0.0,
BETA,2024-01-24,9873.45,0,0.0,False,0.0,
BETA,2024-01-25,9873.45,0,2.0,False,0.0,
BETA,2024-01-26,9873.45,0,0.0,False,0.0,
BETA,2024-01-29,9873.45,0,2.0,False,0.0,
BETA,2024-01-30,9680.982751281597,1,1.0,False,-0.01988591641403031,
BETA,2024-01-31,9619.53291517444,0,1.0,False,-0.006367710045326363,
BETA,2024-02-01,9772.2796506408,0,1.0,False,0.01575406054742044,
BETA,2024-02-02,9728.386910564259,0,0.0,False,-0.004501673218486551,
BETA,2024-02-05,9723.119781755075,0,0.0,False,-0.0005415651364424666,
BETA,2024-02-06,9765.256812228552,0,1.0,False,0.0043243310630030245,
BETA,2024-02-07,10040.903219909222,0,1.0,False,0.02783620912140611,
BETA,2024-02-08,10054.948896733715,0,0.0,False,0.0013978684785410913,
BETA,2024-02-09,10184.871407360271,0,1.0,False,0.01283848307220695,
BETA,2024-02-12,10105.864475222501,0,1.0,False,-0.0077875274588058,
BETA,2024-02-13,10084.795959985762,0,1.0,False,-0.002086957279198325,
BETA,2024-02-14,10077.773121573515,0,1.0,False,-0.0006966214144481089,
BETA,2024-02-15,9982.96480300819,0,0.0,False,-0.009452197102666954,
BETA,2024-02-16,9960.140578168388,0,0.0,False,-0.0022889348843779882,
BETA,2024-02-19,10083.0402503827,0,0.0,False,0.012263643537729517,
BETA,2024-02-20,9984.720512611251,0,1.0,False,-0.00979885355749687,
BETA,2024-02-21,9961.896287771451,0,1.0,False,-0.0022885319380029265,
BETA,2024-02-22,10053.193187130653,0,1.0,False,0.009122870289263608,
BETA,2024-02-23,9949.60632055002,0,0.0,False,-0.010357329488441081,
BETA,2024-02-26,10083.0402503827,0,1.0,False,0.013321844694677235,
BETA,2024-02-27,10091.818798398008,0,0.0,False,0.0008702463346188479,
BETA,2024-02-28,10070.75028316127,0,1.0,False,-0.002089864919459242,
BETA,2024-02-29,9837.240905954079,0,1.0,False,-0.02345993471417166,
BETA,2024-03-01,9781.058198656108,0,1.0,False,-0.005727597544469047,
BETA,2024-03-04,9821.439519526524,0,0.0,False,0.004120023741089467,
BETA,2024-03-05,10033.880381496976,0,0.0,False,0.021399702467005902,
BETA,2024-03-06,10098.841636810255,0,0.0,False,0.0064533231719715355,
BETA,2024-03-07,10221.741309024566,0,0.0,False,0.012096224904685895,
BETA,2024-03-08,10081.28454077964,0,0.0,False,-0.013836263624559288,
BETA,2024-03-11,10077.773121573515,0,1.0,False,-0.00034837136739733563,
BETA,2024-03-12,10227.00843783375,0,1.0,False,0.014699789120289256,
BETA,2024-03-13,10100.597346413317,0,0.0,False,-0.012437541570607826,
BETA,2024-03-14,10225.25272823069,0,1.0,False,0.012265853013228504,
BETA,2024-03-15,10300.748241162337,0,0.0,False,0.007356119049338018,
BETA,2024-03-18,10339.373852429693,0,1.0,False,0.003742774018711033,
BETA,2024-03-19,10291.96969314703,0,0.0,False,-0.004595361673733038,
BETA,2024-03-20,10160.29147291741,0,1.0,False,-0.012876819696999064,
BETA,2024-03-21,10374.488044490925,0,1.0,False,0.020862589771835926,
BETA,2024-03-22,10451.739267025634,0,0.0,False,0.007418681807715425,
BETA,2024-03-25,10490.364878292989,0,0.0,False,0.0036888036463212947,
BETA,2024-03-26,10446.47213821645,0,1.0,False,-0.004192878260035927,
BETA,2024-03-27,10448.227847819511,0,0.0,False,0.00016805310517653226,
BETA,2024-03-28,10479.830620674618,0,1.0,False,0.0030201365237976312,
BETA,2024-03-29,10534.25761836953,0,0.0,False,0.0051800600415423245,
BETA,2024-04-01,10622.043098522608,0,0.0,False,0.008298802814695064,
BETA,2024-04-02,10514.944812735852,0,0.0,False,-0.010133818760424728,
BETA,2024-04-03,10314.79391798683,0,0.0,False,-0.01921839325210275,
BETA,2024-04-04,10330.595304414384,0,1.0,False,0.0015307427089684418,
BETA,2024-04-05,10111.131604031687,0,0.0,False,-0.021472954214655667,
BETA,2024-04-08,10051.437477527592,0,1.0,False,-0.005921299084232085,
BETA,2024-04-09,9986.476222214313,0,1.0,False,-0.006483856939363657,
BETA,2024-04-10,10037.391800703099,0,1.0,False,0.00508549978089441,
BETA,2024-04-11,10293.725402750091,0,1.0,False,0.02521722570024388,
BETA,2024-04-12,10039.14751030616,0,0.0,False,-0.025042324081958035,
BETA,2024-04-15,10300.748241162337,0,1.0,False,0.025724336043602695,
BETA,2024-04-16,10283.191145131721,0,0.0,False,-0.0017059028360776047,
BETA,2024-04-17,10341.129562032753,0,1.0,False,0.005618470555850058,
BETA,2024-04-18,10160.29147291741,0,1.0,False,-0.017641975071793572,
BETA,2024-04-19,10277.924016322537,0,1.0,False,0.011511165677992465,
BETA,2024-04-22,10290.213983543968,0,0.0,False,0.0011950492245980722,
BETA,2024-04-23,10262.122629894982,0,1.0,False,-0.0027336425702604644,
BETA,2024-04-24,10005.789027847992,0,1.0,False,-0.02529587407116914,
BETA,2024-04-25,10014.567575863299,0,1.0,False,0.0008769622591321307,
BETA,2024-04-26,10132.200119268426,0,1.0,False,0.011677692616834705,
BETA,2024-04-29,10100.597346413317,0,0.0,False,-0.0031239178476729643,
BETA,2024-04-30,10246.321243467428,0,1.0,False,0.014324172779382754,
BETA,2024-05-01,10397.312269330725,0,0.0,False,0.014628599018860385,
BETA,2024-05-02,10341.129562032753,0,0.0,False,-0.005418232015904282,
BETA,2024-05-03,10534.25761836953,0,0.0,False,0.018503471564559726,
BETA,2024-05-06,10541.280456781775,0,0.0,False,0.0006664445431604468,
BETA,2024-05-07,10569.37181043076,0,0.0,False,0.002661345549514303,
BETA,2024-05-08,10567.616100827698,0,1.0,False,-0.00016612675509607397,
BETA,2024-05-09,10588.684616064438,0,0.0,False,0.0019917019032161675,
BETA,2024-05-10,10246.321243467428,0,0.0,False,-0.03286720380831054,
BETA,2024-05-13,10225.25272823069,0,1.0,False,-0.0020583197661543586,
BETA,2024-05-14,10056.704606336776,0,0.0,False,-0.016620881236040407,
BETA,2024-05-15,10246.321243467428,0,1.0,False,0.018679201002194668,
BETA,2024-05-16,10432.426461391957,0,0.0,False,0.0180001463798767,
BETA,2024-05-17,10544.7918759879,0,0.0,False,0.010713192520722635,
BETA,2024-05-20,10525.47907035422,0,0.0,False,-0.0018331810816610717,
BETA,2024-05-21,10399.067978933786,0,0.0,False,-0.01208271118464942,
BETA,2024-05-22,10388.668910954853,2,2.0,False,-0.0012005003335834234,
BETA,2024-05-23,10388.668910954853,0,2.0,False,0.0,
BETA,2024-05-24,10388.668910954853,0,0.0,False,0.0,
BETA,2024-05-27,10388.668910954853,0,2.0,False,0.0,
BETA,2024-05-28,10388.668910954853,0,2.0,False,0.0,
BETA,2024-05-29,10388.668910954853,0,0.0,False,0.0,
BETA,2024-05-30,10388.668910954853,0,0.0,False,0.0,
BETA,2024-05-31,10388.668910954853,0,0.0,False,0.0,
BETA,2024-06-03,10388.668910954853,0,0.0,False,0.0,
BETA,2024-06-04,10388.668910954853,0,0.0,False,0.0,
BETA,2024-06-05,10388.668910954853,0,2.0,False,0.0,
BETA,2024-06-06,10388.668910954853,0,2.0,False,0.0,
BETA,2024-06-07,10388.668910954853,0,2.0,False,0.0,
BETA,2024-06-10,10388.668910954853,0,0.0,False,0.0,
BETA,2024-06-11,10388.668910954853,0,2.0,False,0.0,
BETA,2024-06-12,10388.668910954853,0,0.0,False,0.0,
BETA,2024-06-13,10388.668910954853,0,2.0,False,0.0,
BETA,2024-06-14,10388.668910954853,0,2.0,False,0.0,
BETA,2024-06-17,10388.668910954853,0,0.0,False,0.0,
BETA,2024-06-18,10388.668910954853,0,0.0,False,0.0,
BETA,2024-06-19,10388.668910954853,0,2.0,False,0.0,
BETA,2024-06-20,10388.668910954853,0,2.0,False,0.0,
BETA,2024-06-21,10388.668910954853,0,2.0,False,0.0,
BETA,2024-06-24,10388.668910954853,0,0.0,False,0.0,
BETA,2024-06-25,10388.668910954853,0,0.0,False,0.0,
BETA,2024-06-26,10388.668910954853,0,2.0,False,0.0,
BETA,2024-06-27,10388.668910954853,0,0.0,False,0.0,
BETA,2024-06-28,10388.668910954853,0,0.0,False,0.0,
BETA,2024-07-01,10388.668910954853,0,0.0,False,0.0,
BETA,2024-07-02,10388.668910954853,0,0.0,False,0.0,
BETA,2024-07-03,10388.668910954853,0,0.0,False,0.0,
BETA,2024-07-04,10388.668910954853,0,2.0,False,0.0,
BETA,2024-07-05,10388.668910954853,0,0.0,False,0.0,
BETA,2024-07-08,10388.668910954853,0,2.0,False,0.0,
BETA,2024-07-09,10388.668910954853,0,2.0,False,0.0,
BETA,2024-07-10,10388.668910954853,0,2.0,False,0.0,
BETA,2024-07-11,10388.668910954853,0,0.0,False,0.0,
BETA,2024-07-12,10388.668910954853,0,0.0,False,0.0,
BETA,2024-07-15,10388.668910954853,0,2.0,False,0.0,
BETA,2024-07-16,10388.668910954853,0,2.0,False,0.0,
BETA,2024-07-17,10388.668910954853,0,2.0,False,0.0,
BETA,2024-07-18,10388.668910954853,0,2.0,False,0.0,
BETA,2024-07-19,10388.668910954853,0,2.0,False,0.0,
BETA,2024-07-22,10388.668910954853,0,0.0,False,0.0,
BETA,2024-07-23,10388.668910954853,0,0.0,False,0.0,
BETA,2024-07-24,10388.668910954853,0,2.0,False,0.0,
BETA,2024-07-25,10388.668910954853,0,2.0,False,0.0,
BETA,2024-07-26,10388.668910954853,0,0.0,False,0.0,
BETA,2024-07-29,10388.668910954853,0,0.0,False,0.0,
BETA,2024-07-30,10388.668910954853,0,0.0,False,0.0,
BETA,2024-07-31,10388.668910954853,0,2.0,False,0.0,
BETA,2024-08-01,10388.668910954853,0,0.0,False,0.0,
BETA,2024-08-02,10388.668910954853,0,0.0,False,0.0,
BETA,2024-08-05,10388.668910954853,0,0.0,False,0.0,
BETA,2024-08-06,10388.668910954853,0,2.0,False,0.0,
BETA,2024-08-07,10388.668910954853,0,2.0,False,0.0,
BETA,2024-08-08,10388.668910954853,0,0.0,False,0.0,
BETA,2024-08-09,10388.668910954853,0,0.0,False,0.0,
BETA,2024-08-12,10388.668910954853,0,2.0,False,0.0,
BETA,2024-08-13,10388.668910954853,0,0.0,False,0.0,
BETA,2024-08-14,10388.668910954853,0,2.0,False,0.0,
BETA,2024-08-15,10388.668910954853,0,0.0,False,0.0,
BETA,2024-08-16,10388.668910954853,0,0.0,False,0.0,
BETA,2024-08-19,10388.668910954853,0,2.0,False,0.0,
BETA,2024-08-20,10388.668910954853,0,0.0,False,0.0,
BETA,2024-08-21,10388.668910954853,0,2.0,False,0.0,
BETA,2024-08-22,10388.668910954853,0,0.0,False,0.0,
BETA,2024-08-23,10388.668910954853,0,2.0,False,0.0,
BETA,2024-08-26,10388.668910954853,0,2.0,False,0.0,
BETA,2024-08-27,10388.668910954853,0,0.0,False,0.0,
BETA,2024-08-28,10388.668910954853,0,2.0,False,0.0,
BETA,2024-08-29,10388.668910954853,0,2.0,False,0.0,
BETA,2024-08-30,10388.668910954853,0,2.0,False,0.0,
BETA,2024-09-02,10388.668910954853,0,2.0,False,0.0,
BETA,2024-09-03,10388.668910954853,0,2.0,False,0.0,
BETA,2024-09-04,10388.668910954853,0,0.0,False,0.0,
BETA,2024-09-05,10388.668910954853,0,2.0,False,0.0,
BETA,2024-09-06,10388.668910954853,0,2.0,False,0.0,
BETA,2024-09-09,10388.668910954853,0,2.0,False,0.0,
BETA,2024-09-10,10388.668910954853,0,2.0,False,0.0,
BETA,2024-09-11,10388.668910954853,0,2.0,False,0.0,
BETA,2024-09-12,10388.668910954853,0,0.0,False,0.0,
BETA,2024-09-13,10388.668910954853,0,0.0,False,0.0,
BETA,2024-09-16,10388.668910954853,0,2.0,False,0.0,
BETA,2024-09-17,10388.668910954853,0,2.0,False,0.0,
BETA,2024-09-18,10388.668910954853,0,0.0,False,0.0,
BETA,2024-09-19,10388.668910954853,0,0.0,False,0.0,
BETA,2024-09-20,10388.668910954853,0,0.0,False,0.0,
BETA,2024-09-23,10388.668910954853,0,0.0,False,0.0,
BETA,2024-09-24,10388.668910954853,0,2.0,False,0.0,
BETA,2024-09-25,10388.668910954853,0,0.0,False,0.0,
BETA,2024-09-26,10388.668910954853,0,2.0,False,0.0,
BETA,2024-09-27,10388.668910954853,0,0.0,False,0.0,
BETA,2024-09-30,10388.668910954853,0,2.0,False,0.0,
BETA,2024-10-01,10388.668910954853,0,2.0,False,0.0,
BETA,2024-10-02,10388.668910954853,0,0.0,False,0.0,
BETA,2024-10-03,10388.668910954853,0,2.0,False,0.0,
BETA,2024-10-04,10388.668910954853,0,2.0,False,0.0,
BETA,2024-10-07,10388.668910954853,0,2.0,False,0.0,
BETA,2024-10-08,10388.668910954853,0,2.0,False,0.0,
BETA,2024-10-09,10388.668910954853,0,2.0,False,0.0,
BETA,2024-10-10,10388.668910954853,0,0.0,False,0.0,
BETA,2024-10-11,10388.668910954853,0,2.0,False,0.0,
BETA,2024-10-14,10388.668910954853,0,2.0,False,0.0,
BETA,2024-10-15,10388.668910954853,0,2.0,False,0.0,
BETA,2024-10-16,10388.668910954853,0,2.0,False,0.0,
BETA,2024-10-17,10388.668910954853,0,0.0,False,0.0,
BETA,2024-10-18,10388.668910954853,0,2.0,False,0.0,
BETA,2024-10-21,10388.668910954853,0,2.0,False,0.0,
BETA,2024-10-22,10388.668910954853,0,0.0,False,0.0,
BETA,2024-10-23,10388.668910954853,0,2.0,False,0.0,
BETA,2024-10-24,10388.668910954853,0,2.0,False,0.0,
BETA,2024-10-25,10388.668910954853,0,2.0,False,0.0,
BETA,2024-10-28,10388.668910954853,0,2.0,False,0.0,
BETA,2024-10-29,10388.668910954853,0,0.0,False,0.0,
BETA,2024-10-30,10388.668910954853,0,2.0,False,0.0,
BETA,2024-10-31,10393.8866784981,1,1.0,False,0.0003021295509513897,
BETA,2024-11-01,10581.163915948517,0,0.0,False,0.01785761740000647,
BETA,2024-11-04,10515.136684796125,0,0.0,False,-0.006259623238843377,
BETA,2024-11-05,10439.505492748842,0,0.0,False,-0.007218593362043643,
BETA,2024-11-06,10596.770352402717,0,0.0,False,0.014952056219187384,
BETA,2024-11-07,10540.34708214522,0,0.0,False,-0.005338798391070501,
BETA,2024-11-08,10503.131733677508,0,0.0,False,-0.00353699952289776,
BETA,2024-11-11,10474.31985099283,0,0.0,False,-0.002746940035636507,
BETA,2024-11-12,10479.121831440278,0,1.0,False,0.0004583476647220466,
BETA,2024-11-13,10273.837167311935,0,1.0,False,-0.019784297758587845,
BETA,2024-11-14,10210.210926383268,0,1.0,False,-0.0062122921467999545,
BETA,2024-11-15,10245.025284627256,0,1.0,False,0.003403958917983209,
BETA,2024-11-18,10255.829740634012,0,0.0,False,0.0010540494036734372,
BETA,2024-11-19,10404.691134504856,0,0.0,False,0.014410475982726418,
BETA,2024-11-20,10657.995603107662,0,0.0,False,0.02405359625963566,
BETA,2024-11-21,10859.678781900417,0,0.0,False,0.01874636464380775,
BETA,2024-11-22,10996.535224652644,0,0.0,False,0.012523507630387424,
BETA,2024-11-25,10979.72829308658,0,0.0,False,-0.0015295534501754645,
BETA,2024-11-26,10899.295120591853,0,0.0,False,-0.007352570846243079,
BETA,2024-11-27,10906.49809126302,0,0.0,False,0.0006606474585140796,
BETA,2024-11-28,10977.327302862857,0,0.0,False,0.0064732246443751544,
BETA,2024-11-29,11076.968397147373,0,0.0,False,0.009036042103909183,
BETA,2024-12-02,11174.208501208168,0,0.0,False,0.008740276843626636,
BETA,2024-12-03,11175.40899632003,0,0.0,False,0.00010742869430747346,
BETA,2024-12-04,11271.44860526896,0,0.0,False,0.0085571171420575,
BETA,2024-12-05,11453.92386227193,0,0.0,False,0.016059510493298467,
BETA,2024-12-06,11576.374363681818,0,0.0,False,0.01063396175853869,
BETA,2024-12-09,11577.57485879368,0,1.0,False,0.00010369679067727356,
BETA,2024-12-10,11468.32980361427,0,1.0,False,-0.00948071903105334,
BETA,2024-12-11,11363.886728882306,0,1.0,False,-0.009148809803815168,
BETA,2024-12-12,11352.522842153423,2,2.0,False,-0.0012005003335835345,
BETA,2024-12-13,11352.522842153423,0,2.0,False,0.0,
BETA,2024-12-16,11352.522842153423,0,0.0,False,0.0,
BETA,2024-12-17,11352.522842153423,0,0.0,False,0.0,
BETA,2024-12-18,11352.522842153423,0,2.0,False,0.0,
BETA,2024-12-19,11399.831545100811,1,1.0,False,0.003958582476443828,
BETA,2024-12-20,11283.731202392344,0,0.0,False,-0.010236606817645745,
BETA,2024-12-23,11352.16929914681,0,1.0,False,0.006046881614892907,
BETA,2024-12-24,11294.730182227884,0,0.0,False,-0.005072591957309106,
BETA,2024-12-25,11189.628819354955,0,0.0,False,-0.009348910357754488,
BETA,2024-12-26,11178.4391905356,2,2.0,False,-0.0012005003335835345,
BETA,2024-12-27,11178.4391905356,0,0.0,False,0.0,
BETA,2024-12-30,11178.4391905356,0,0.0,False,0.0,
BETA,2024-12-31,11178.4391905356,0,2.0,False,0.0,
DELT,2023-10-20,9949.807778274475,1,1.0,False,-0.0052318607765384365,
DELT,2023-10-23,10132.905677246312,0,1.0,False,0.018234883732667094,
DELT,2023-10-24,9940.87617344658,0,1.0,False,-0.019132952944351543,
DELT,2023-10-25,9876.122038444344,0,1.0,False,-0.006535234527108889,
DELT,2023-10-26,9760.011175681717,0,1.0,False,-0.011826383005012117,
DELT,2023-10-27,9748.846669646848,0,1.0,False,-0.001144557753425404,
DELT,2023-10-30,9893.985248100134,0,1.0,False,0.01477803408960032,
DELT,2023-10-31,9873.889137237371,0,1.0,False,-0.0020332097820979565,
DELT,2023-11-01,9898.45105051408,0,1.0,False,0.0024844733276619658,
DELT,2023-11-02,10005.630308448815,0,1.0,False,0.010769680041089542,
DELT,2023-11-03,9958.73938310237,0,1.0,False,-0.004697469772033335,
DELT,2023-11-06,9948.780643719267,2,2.0,False,-0.0012005003335835345,
DELT,2023-11-07,9967.672223392508,1,1.0,False,0.0016970833275455459,
DELT,2023-11-08,9830.12588957316,0,2.0,True,-0.013895337870670287,
DELT,2023-11-09,9770.226679684089,0,1.0,False,-0.006112073356919006,
DELT,2023-11-10,9787.974593725294,0,1.0,False,0.0018148825308223126,
DELT,2023-11-13,9936.613373820397,0,1.0,False,0.015071705833906945,
DELT,2023-11-14,10094.126110936104,0,1.0,False,0.01572742573769607,
DELT,2023-11-15,10344.815396768145,0,1.0,False,0.024531784863324933,
DELT,2023-11-16,10426.899499208723,0,0.0,False,0.007903490889828928,
DELT,2023-11-17,10416.472599709514,2,2.0,False,-0.0012005003335835345,
DELT,2023-11-20,10416.472599709514,0,2.0,False,0.0,
DELT,2023-11-21,10416.472599709514,0,2.0,False,0.0,
DELT,2023-11-22,10416.472599709514,0,2.0,False,0.0,
DELT,2023-11-23,10457.427513871668,1,1.0,False,0.0037240359004755944,
DELT,2023-11-24,10526.667209072442,0,1.0,False,0.006599278872874786,
DELT,2023-11-27,10381.487203006303,0,1.0,False,-0.01388762839198372,
DELT,2023-11-28,10371.105715803296,2,2.0,False,-0.0012005003335836457,
DELT,2023-11-29,10371.105715803296,0,2.0,False,0.0,
DELT,2023-11-30,10371.105715803296,0,2.0,False,0.0,
DELT,2023-12-01,10371.105715803296,0,2.0,False,0.0,
DELT,2023-12-04,10460.698816231134,1,1.0,False,0.008401621879642798,
DELT,2023-12-05,10414.048853364102,0,1.0,False,-0.004469518986706041,
DELT,2023-12-06,10667.29150892799,0,1.0,False,0.024026445524349932,
DELT,2023-12-07,10625.084399667341,0,1.0,False,-0.003964533100901772,
DELT,2023-12-08,10382.948878119414,0,1.0,False,-0.023052728581493476,
DELT,2023-12-11,10442.927401805597,0,1.0,False,0.0057600159253272136,
DELT,2023-12-12,10196.349026651285,0,1.0,False,-0.023895227969539592,
DELT,2023-12-13,10103.04910091722,0,1.0,False,-0.009192448184164259,
DELT,2023-12-14,10158.58477099702,0,1.0,False,0.005481868787628633,
DELT,2023-12-15,10148.426186226023,2,2.0,False,-0.0012005003335835345,
DELT,2023-12-18,10148.426186226023,0,2.0,False,0.0,
DELT,2023-12-19,10010.11295836536,1,1.0,False,-0.013922760105765292,
DELT,2023-12-20,10105.131690641234,0,1.0,False,0.009447505180975332,
DELT,2023-12-21,9888.577370570638,0,1.0,False,-0.021663092949099384,
DELT,2023-12-22,10047.678503683728,0,1.0,False,0.015961323116054756,
DELT,2023-12-25,9992.435054686128,0,1.0,False,-0.005513300987095301,
DELT,2023-12-26,10173.63356739826,0,1.0,False,0.017971117003858034,
DELT,2023-12-27,10074.195359202578,0,0.0,False,-0.00982218962833167,
DELT,2023-12-28,10064.121163843376,2,2.0,False,-0.0012005003335835345,
DELT,2023-12-29,10064.121163843376,0,0.0,False,0.0,
DELT,2024-01-01,9849.847586756483,1,1.0,False,-0.021720757579676418,
DELT,2024-01-02,9862.88223287923,0,1.0,False,0.0013224599679191949,
DELT,2024-01-03,10025.81530941358,0,1.0,False,0.016384855901559043,
DELT,2024-01-04,10121.402714313732,0,1.0,False,0.009488964879844335,
DELT,2024-01-05,10245.231852479834,0,1.0,False,0.012160149840464556,
DELT,2024-01-08,10342.991698400445,0,1.0,False,0.009496747537257428,
DELT,2024-01-09,10332.648706702044,2,2.0,False,-0.0012005003335835345,
DELT,2024-01-10,10409.811849968179,1,1.0,False,0.007240149061139517,
DELT,2024-01-11,10420.748823964783,0,1.0,False,0.0010500893540802108,
DELT,2024-01-12,10328.878242393304,0,1.0,False,-0.00885521282973255,
DELT,2024-01-15,10366.06395398176,0,1.0,False,0.003593704322130069,
DELT,2024-01-16,10368.251348781081,0,1.0,False,0.00021099272153392713,
DELT,2024-01-17,10554.179906723359,0,1.0,False,0.017773599083964288,
DELT,2024-01-18,10497.307641941015,0,1.0,False,-0.005403171914840718,
DELT,2024-01-19,10486.810334299074,2,2.0,False,-0.0012005003335835345,
DELT,2024-01-22,10486.810334299074,0,2.0,False,0.0,
DELT,2024-01-23,10706.718458727375,1,1.0,False,0.020553128867624643,
DELT,2024-01-24,10604.813006813149,0,0.0,False,-0.009563482452574995,
DELT,2024-01-25,10773.178536062742,0,0.0,False,0.01575162101127682,
DELT,2024-01-26,10644.689053214368,0,0.0,False,-0.011998488999393035,
DELT,2024-01-29,10724.441146016805,0,1.0,False,0.007464268535301332,
DELT,2024-01-30,10777.609207885098,0,1.0,False,0.00494540468041111,
DELT,2024-01-31,10954.836080779407,0,0.0,False,0.016310249436707076,
DELT,2024-02-01,11089.971571361317,0,0.0,False,0.012260227934907117,
DELT,2024-02-02,11101.04825091721,0,0.0,False,0.0009983029680050754,
DELT,2024-02-05,11036.803509493024,0,1.0,False,-0.005804079137598959,
DELT,2024-02-06,11280.490459722698,0,0.0,False,0.02183926385517145,
DELT,2024-02-07,11211.815046476153,0,0.0,False,-0.006106588463219179,
DELT,2024-02-08,10921.606042111724,0,1.0,False,-0.02622510417734222,
DELT,2024-02-09,10675.703755970871,0,1.0,False,-0.02277255039640304,
DELT,2024-02-12,10463.031508497701,0,1.0,False,-0.020122246744215776,
DELT,2024-02-13,10547.214273122498,0,1.0,False,0.008013539298401632,
DELT,2024-02-14,10817.485254286317,0,1.0,False,0.02530205486714149,
DELT,2024-02-15,10551.644944944857,0,0.0,False,-0.024882063260799652,
DELT,2024-02-16,10541.093299999913,2,2.0,False,-0.0012005003335834234,
DELT,2024-02-19,10541.093299999913,0,2.0,False,0.0,
DELT,2024-02-20,10541.093299999913,0,2.0,False,0.0,
DELT,2024-02-21,10541.093299999913,0,0.0,False,0.0,
DELT,2024-02-22,10541.093299999913,0,2.0,False,0.0,
DELT,2024-02-23,10541.093299999913,0,0.0,False,0.0,
DELT,2024-02-26,10541.093299999913,0,2.0,False,0.0,
DELT,2024-02-27,10541.093299999913,0,0.0,False,0.0,
DELT,2024-02-28,10541.093299999913,0,0.0,False,0.0,
DELT,2024-02-29,10541.093299999913,0,0.0,False,0.0,
DELT,2024-03-01,10541.093299999913,0,2.0,False,0.0,
DELT,2024-03-04,10541.093299999913,0,2.0,False,0.0,
DELT,2024-03-05,10541.093299999913,0,0.0,False,0.0,
DELT,2024-03-06,10541.093299999913,0,2.0,False,0.0,
DELT,2024-03-07,10541.093299999913,0,2.0,False,0.0,
DELT,2024-03-08,10642.53264092462,1,1.0,False,0.009377219364387583,
DELT,2024-03-11,10583.248881629188,0,0.0,False,-0.005586028800730003,
DELT,2024-03-12,10607.401524305105,0,1.0,False,0.0022795575097606714,
DELT,2024-03-13,10433.941635996245,0,1.0,False,-0.016487903511925826,
DELT,2024-03-14,10576.661797263028,0,1.0,False,0.01358574558773988,
DELT,2024-03-15,10644.72833571334,0,0.0,False,0.006414921118929659,
DELT,2024-03-18,10651.3154200795,0,1.0,False,0.0006186204960661022,
DELT,2024-03-19,10666.685283600536,0,0.0,False,0.001441961316901184,
DELT,2024-03-20,10477.85553177064,0,1.0,False,-0.017861326344310906,
DELT,2024-03-21,10467.37767623887,2,2.0,False,-0.0012005003335834234,
DELT,2024-03-22,10467.37767623887,0,2.0,False,0.0,
DELT,2024-03-25,10467.37767623887,0,0.0,False,0.0,
DELT,2024-03-26,10467.37767623887,0,0.0,False,0.0,
DELT,2024-03-27,10467.37767623887,0,0.0,False,0.0,
DELT,2024-03-28,10467.37767623887,0,2.0,False,0.0,
DELT,2024-03-29,10467.37767623887,0,0.0,False,0.0,
DELT,2024-04-01,10467.37767623887,0,0.0,False,0.0,
DELT,2024-04-02,10467.37767623887,0,2.0,False,0.0,
DELT,2024-04-03,10467.37767623887,0,2.0,False,0.0,
DELT,2024-04-04,10467.37767623887,0,0.0,False,0.0,
DELT,2024-04-05,10467.37767623887,0,2.0,False,0.0,
DELT,2024-04-08,10467.37767623887,0,0.0,False,0.0,
DELT,2024-04-09,10467.37767623887,0,0.0,False,0.0,
DELT,2024-04-10,10553.248747137412,1,1.0,False,0.007970217846405236,
DELT,2024-04-11,10513.456779247828,0,0.0,False,-0.0037777159948232395,
DELT,2024-04-12,10383.609305081818,0,0.0,False,-0.012427500090639235,
DELT,2024-04-15,10421.30695887195,0,1.0,False,0.003623921823879485,
DELT,2024-04-16,10588.852086828092,0,0.0,False,0.01594930140767804,
DELT,2024-04-17,10823.415265966689,0,1.0,False,0.021910109635744326,
DELT,2024-04-18,10498.796580551667,0,0.0,False,-0.03045122819893433,
DELT,2024-04-19,10804.566439071623,0,1.0,False,0.02870822398114645,
DELT,2024-04-22,10865.301547955723,0,0.0,False,0.005605504191684582,
DELT,2024-04-23,10959.545682431053,0,1.0,False,0.008636460935873298,
DELT,2024-04-24,10712.416618695745,0,0.0,False,-0.02280732798648106,
DELT,2024-04-25,10701.70420207705,2,2.0,False,-0.0012005003335834234,
DELT,2024-04-26,10701.70420207705,0,2.0,False,0.0,
DELT,2024-04-29,10701.70420207705,0,0.0,False,0.0,
DELT,2024-04-30,10701.70420207705,0,0.0,False,0.0,
DELT,2024-05-01,10701.70420207705,0,2.0,False,0.0,
DELT,2024-05-02,10701.70420207705,0,0.0,False,0.0,
DELT,2024-05-03,10701.70420207705,0,0.0,False,0.0,
DELT,2024-05-06,10701.70420207705,0,0.0,False,0.0,
DELT,2024-05-07,10701.70420207705,0,0.0,False,0.0,
DELT,2024-05-08,10701.70420207705,0,0.0,False,0.0,
DELT,2024-05-09,10701.70420207705,0,0.0,False,0.0,
DELT,2024-05-10,10701.70420207705,0,0.0,False,0.0,
DELT,2024-05-13,10701.70420207705,0,0.0,False,0.0,
DELT,2024-05-14,10701.70420207705,0,0.0,False,0.0,
DELT,2024-05-15,10701.70420207705,0,2.0,False,0.0,
DELT,2024-05-16,10701.70420207705,0,0.0,False,0.0,
DELT,2024-05-17,10701.70420207705,0,0.0,False,0.0,
DELT,2024-05-20,10701.70420207705,0,0.0,False,0.0,
DELT,2024-05-21,10701.70420207705,0,0.0,False,0.0,
DELT,2024-05-22,10701.70420207705,0,2.0,False,0.0,
DELT,2024-05-23,10701.70420207705,0,2.0,False,0.0,
DELT,2024-05-24,10701.70420207705,0,2.0,False,0.0,
DELT,2024-05-27,10701.70420207705,0,0.0,False,0.0,
DELT,2024-05-28,10701.70420207705,0,0.0,False,0.0,
DELT,2024-05-29,10701.70420207705,0,0.0,False,0.0,
DELT,2024-05-30,10701.70420207705,0,0.0,False,0.0,
DELT,2024-05-31,10701.70420207705,0,0.0,False,0.0,
DELT,2024-06-03,10701.70420207705,0,2.0,False,0.0,
DELT,2024-06-04,10701.70420207705,0,0.0,False,0.0,
DELT,2024-06-05,10701.70420207705,0,0.0,False,0.0,
DELT,2024-06-06,10701.70420207705,0,2.0,False,0.0,
DELT,2024-06-07,10701.70420207705,0,2.0,False,0.0,
DELT,2024-06-10,10701.70420207705,0,2.0,False,0.0,
DELT,2024-06-11,10701.70420207705,0,0.0,False,0.0,
DELT,2024-06-12,10701.70420207705,0,0.0,False,0.0,
DELT,2024-06-13,10701.70420207705,0,0.0,False,0.0,
DELT,2024-06-14,10701.70420207705,0,0.0,False,0.0,
DELT,2024-06-17,10701.70420207705,0,0.0,False,0.0,
DELT,2024-06-18,10701.70420207705,0,2.0,False,0.0,
DELT,2024-06-19,10701.70420207705,0,2.0,False,0.0,
DELT,2024-06-20,10701.70420207705,0,2.0,False,0.0,
DELT,2024-06-21,10701.70420207705,0,0.0,False,0.0,
DELT,2024-06-24,10701.70420207705,0,0.0,False,0.0,
DELT,2024-06-25,10701.70420207705,0,0.0,False,0.0,
DELT,2024-06-26,10701.70420207705,0,2.0,False,0.0,
DELT,2024-06-27,10701.70420207705,0,2.0,False,0.0,
DELT,2024-06-28,10701.70420207705,0,0.0,False,0.0,
DELT,2024-07-01,10701.70420207705,0,2.0,False,0.0,
DELT,2024-07-02,10701.70420207705,0,0.0,False,0.0,
DELT,2024-07-03,10701.70420207705,0,2.0,False,0.0,
DELT,2024-07-04,10701.70420207705,0,0.0,False,0.0,
DELT,2024-07-05,10701.70420207705,0,2.0,False,0.0,
DELT,2024-07-08,10701.70420207705,0,0.0,False,0.0,
DELT,2024-07-09,10701.70420207705,0,0.0,False,0.0,
DELT,2024-07-10,10701.70420207705,0,0.0,False,0.0,
DELT,2024-07-11,10701.70420207705,0,0.0,False,0.0,
DELT,2024-07-12,10701.70420207705,0,0.0,False,0.0,
DELT,2024-07-15,10701.70420207705,0,0.0,False,0.0,
DELT,2024-07-16,10701.70420207705,0,0.0,False,0.0,
DELT,2024-07-17,10701.70420207705,0,2.0,False,0.0,
DELT,2024-07-18,10701.70420207705,0,0.0,False,0.0,
DELT,2024-07-19,10701.70420207705,0,2.0,False,0.0,
DELT,2024-07-22,10701.70420207705,0,0.0,False,0.0,
DELT,2024-07-23,10701.70420207705,0,2.0,False,0.0,
DELT,2024-07-24,10701.70420207705,0,0.0,False,0.0,
DELT,2024-07-25,10701.70420207705,0,0.0,False,0.0,
DELT,2024-07-26,10701.70420207705,0,0.0,False,0.0,
DELT,2024-07-29,10701.70420207705,0,0.0,False,0.0,
DELT,2024-07-30,10701.70420207705,0,0.0,False,0.0,
DELT,2024-07-31,10701.70420207705,0,0.0,False,0.0,
DELT,2024-08-01,10701.70420207705,0,0.0,False,0.0,
DELT,2024-08-02,10701.70420207705,0,0.0,False,0.0,
DELT,2024-08-05,10825.024518501848,1,1.0,False,0.011257538866911802,
DELT,2024-08-06,10910.710728410833,0,0.0,False,0.007884403524148835,
DELT,2024-08-07,11139.20728816813,0,0.0,False,0.020726130517117167,
DELT,2024-08-08,11222.696415771756,0,0.0,False,0.007467120567200968,
DELT,2024-08-09,11202.922675023528,0,0.0,False,-0.0017634960972742135,
DELT,2024-08-12,11336.944695650403,0,1.0,False,0.01189213742045269,
DELT,2024-08-13,11383.083424062936,0,0.0,False,0.004061508339180015,
DELT,2024-08-14,11495.134621636224,0,1.0,False,0.009795526322246215,
DELT,2024-08-15,11697.266193729216,0,1.0,False,0.017431286377967755,
DELT,2024-08-16,11723.631181393519,0,0.0,False,0.002251408080457428,
DELT,2024-08-19,11670.901206064911,0,0.0,False,-0.004507896439189928,
DELT,2024-08-20,11596.20040768272,0,1.0,False,-0.006421174093000315,
DELT,2024-08-21,11670.901206064911,0,1.0,False,0.00642117409300025,
DELT,2024-08-22,11567.638337713057,0,0.0,False,-0.00888726658819393,
DELT,2024-08-23,11525.893773911244,0,1.0,False,-0.00361526414125682,
DELT,2024-08-26,11405.054247116519,0,0.0,False,-0.010539524599590087,
DELT,2024-08-27,11473.163798582636,0,0.0,False,0.005954113431845223,
DELT,2024-08-28,11363.309683314706,0,1.0,False,-0.00962100936732608,
DELT,2024-08-29,11209.513921939606,0,1.0,False,-0.013626841189991221,
DELT,2024-08-30,11064.506489785936,0,1.0,False,-0.013020503537519133,
DELT,2024-09-02,10998.59402062518,0,0.0,False,-0.005974923172517996,
DELT,2024-09-03,10939.272798380496,0,0.0,False,-0.005408125349536932,
DELT,2024-09-04,10967.834868350159,0,0.0,False,0.002607563407080991,
DELT,2024-09-05,10948.06112760193,0,0.0,False,-0.0018045117678592174,
DELT,2024-09-06,11013.97359676269,0,1.0,False,0.0060024189820989116,
DELT,2024-09-09,11082.083148228805,0,1.0,False,0.00616487982130667,
DELT,2024-09-10,11165.572275832432,0,1.0,False,0.007505466795299191,
DELT,2024-09-11,10908.513646105475,0,0.0,False,-0.02329158740083643,
DELT,2024-09-12,10781.082872394676,0,1.0,False,-0.011750540389369615,
DELT,2024-09-13,10770.301789522282,2,2.0,False,-0.0012005003335835345,
DELT,2024-09-16,10770.421701789171,1,1.0,False,-0.0001888664587389787,
DELT,2024-09-17,10918.528612956343,0,0.0,False,0.013657573206690903,
DELT,2024-09-18,10724.68280275225,0,0.0,False,-0.017913329959159358,
DELT,2024-09-19,10665.875646847637,0,1.0,False,-0.0054984356020267786,
DELT,2024-09-20,10624.492833433282,0,1.0,False,-0.003887472926451664,
DELT,2024-09-23,10659.341518413792,0,1.0,False,0.0032746652267513355,
DELT,2024-09-24,10661.519561225074,0,1.0,False,0.0002043109619937811,
DELT,2024-09-25,10733.394973997378,0,1.0,False,0.006718950248745009,
DELT,2024-09-26,10726.860845563531,0,0.0,False,-0.0006089516071664828,
DELT,2024-09-27,10907.638398899931,0,1.0,False,0.01671235917374507,
DELT,2024-09-30,11134.154851273253,0,0.0,False,0.02055408327743627,
DELT,2024-10-01,10983.8698972948,0,0.0,False,-0.01358957398064532,
DELT,2024-10-02,10972.886027397506,2,2.0,False,-0.0012005003335835345,
DELT,2024-10-03,11059.554885503452,1,1.0,False,0.007667426536076337,
DELT,2024-10-04,11122.479565056052,0,0.0,False,0.005673496583974649,
DELT,2024-10-07,11076.913417793825,0,1.0,False,-0.00410517632525044,
DELT,2024-10-08,11118.13993198346,0,1.0,False,0.003714932417858974,
DELT,2024-10-09,10914.177177571584,0,1.0,False,-0.018515399922840108,
DELT,2024-10-10,10918.516810644178,0,1.0,False,0.0003975352864915897,
DELT,2024-10-11,10725.403138913785,0,1.0,False,-0.01784508507331721,
DELT,2024-10-14,10801.346717684166,0,1.0,False,0.007055769620578102,
DELT,2024-10-15,10658.138826288592,0,0.0,False,-0.013347013100559194,
DELT,2024-10-16,10675.497358578967,0,1.0,False,0.0016273396593756292,
DELT,2024-10-17,10716.7238727686,0,1.0,False,0.0038543510542708584,
DELT,2024-10-18,10747.101304276752,0,0.0,False,0.002830572047612954,
DELT,2024-10-21,10651.629376679704,0,1.0,False,-0.00892319853018517,
DELT,2024-10-22,10629.93121131674,0,1.0,False,-0.002039152419477604,
DELT,2024-10-23,10766.62965310342,0,1.0,False,0.012777782613171466,
DELT,2024-10-24,10712.384239696006,0,0.0,False,-0.005051025992883549,
DELT,2024-10-25,10712.384239696006,0,1.0,False,0.0,
DELT,2024-10-28,10621.251945171553,0,0.0,False,-0.008543583294252007,
DELT,2024-10-29,10757.950386958233,0,1.0,False,0.012788157630524872,
DELT,2024-10-30,10766.62965310342,0,0.0,False,0.0008064516566105101,
DELT,2024-10-31,10647.28974360711,0,1.0,False,-0.011146128161842897,
DELT,2024-11-01,10660.30864282489,0,1.0,False,0.0012219960787448064,
DELT,2024-11-04,10645.119927070815,0,1.0,False,-0.0014258073502135852,
DELT,2024-11-05,10840.403415337503,0,0.0,False,0.018178646427033696,
DELT,2024-11-06,10840.403415337503,0,0.0,False,0.0,
DELT,2024-11-07,10664.648275897483,0,1.0,False,-0.01634583866420142,
DELT,2024-11-08,10742.761671204158,0,1.0,False,0.007297822780156004,
DELT,2024-11-11,10994.460389414557,0,0.0,False,0.023159350114486797,
DELT,2024-11-12,11165.875895781983,0,0.0,False,0.01547078736577965,
DELT,2024-11-13,11009.649105168633,0,0.0,False,-0.014090252682462126,
DELT,2024-11-14,10998.639456063465,2,2.0,False,-0.0012005003335835345,
DELT,2024-11-15,10998.639456063465,0,2.0,False,0.0,
DELT,2024-11-18,10998.639456063465,0,2.0,False,0.0,
DELT,2024-11-19,10998.639456063465,0,2.0,False,0.0,
DELT,2024-11-20,10998.639456063465,0,0.0,False,0.0,
DELT,2024-11-21,10998.639456063465,0,2.0,False,0.0,
DELT,2024-11-22,10998.639456063465,0,2.0,False,0.0,
DELT,2024-11-25,10998.639456063465,0,0.0,False,0.0,
DELT,2024-11-26,10998.639456063465,0,2.0,False,0.0,
DELT,2024-11-27,10998.639456063465,0,2.0,False,0.0,
DELT,2024-11-28,11061.578856360265,1,1.0,False,0.0055061603092319954,
DELT,2024-11-29,11068.300496337799,0,2.0,True,0.0006074719231052535,
DELT,2024-12-02,11200.492749229283,0,2.0,True,0.011872561231602232,
DELT,2024-12-03,11113.111429521352,0,0.0,False,-0.007832151694597252,
DELT,2024-12-04,11101.99831809183,2,2.0,False,-0.0012005003335836457,
DELT,2024-12-05,11101.99831809183,0,2.0,False,0.0,
DELT,2024-12-06,11101.99831809183,0,2.0,False,0.0,
DELT,2024-12-09,11101.99831809183,0,2.0,False,0.0,
DELT,2024-12-10,11101.99831809183,0,2.0,False,0.0,
DELT,2024-12-11,11101.99831809183,0,2.0,False,0.0,
DELT,2024-12-12,11101.99831809183,0,2.0,False,0.0,
DELT,2024-12-13,11101.99831809183,0,2.0,False,0.0,
DELT,2024-12-16,11101.99831809183,0,2.0,False,0.0,
DELT,2024-12-17,11101.99831809183,0,0.0,False,0.0,
DELT,2024-12-18,11101.99831809183,0,2.0,False,0.0,
DELT,2024-12-19,11101.99831809183,0,0.0,False,0.0,
DELT,2024-12-20,11101.99831809183,0,2.0,False,0.0,
DELT,2024-12-23,11101.99831809183,0,2.0,False,0.0,
DELT,2024-12-24,11101.99831809183,0,2.0,False,0.0,
DELT,2024-12-25,11101.99831809183,0,2.0,False,0.0,
DELT,2024-12-26,11101.99831809183,0,0.0,False,0.0,
DELT,2024-12-27,11101.99831809183,0,0.0,False,0.0,
DELT,2024-12-30,11101.99831809183,0,0.0,False,0.0,
DELT,2024-12-31,11101.99831809183,0,2.0,False,0.0,
EPSI,2023-10-20,9967.468502099859,1,1.0,False,-0.003458452785875453,
EPSI,2023-10-23,10037.393840410637,0,1.0,False,0.0069908627109608905,
EPSI,2023-10-24,9902.204853009798,0,1.0,False,-0.013560058150085385,
EPSI,2023-10-25,9913.082127858142,0,1.0,False,0.0010978671115275524,
EPSI,2023-10-26,9736.714885674286,0,1.0,False,-0.017951531849661105,
EPSI,2023-10-27,9743.707419505365,0,1.0,False,0.0007179037519674002,
EPSI,2023-10-30,9788.770415305646,0,1.0,False,0.0046141688865801505,
EPSI,2023-10-31,9933.282781147922,0,1.0,False,0.014655163014657186,
EPSI,2023-11-01,9848.595426971535,0,1.0,False,-0.008562166914475566,
EPSI,2023-11-02,9814.409706019596,0,1.0,False,-0.003477164875333539,
EPSI,2023-11-03,9734.384041063928,0,1.0,False,-0.00818731968992527,
EPSI,2023-11-06,9703.306112925804,0,1.0,False,-0.0031977003824674877,
EPSI,2023-11-07,9591.425571628557,0,1.0,False,-0.01159713408380524,
EPSI,2023-11-08,9341.248250116658,0,1.0,False,-0.026429640804370772,
EPSI,2023-11-09,9219.267382174521,0,1.0,False,-0.013144314156320544,
EPSI,2023-11-10,9192.074195053663,0,1.0,False,-0.0029539625649256654,
EPSI,2023-11-13,9174.20438637424,0,1.0,False,-0.001945937413409239,
EPSI,2023-11-14,9241.021931871208,0,1.0,False,0.007256803426285437,
EPSI,2023-11-15,9331.92487167522,0,1.0,False,0.009788825287951388,
EPSI,2023-11-16,9301.62389174055,0,1.0,False,-0.0032523065819007866,
EPSI,2023-11-17,9126.8105459636,0,1.0,False,-0.018972701148703683,
EPSI,2023-11-20,9185.081661222584,0,1.0,False,0.006364313560428847,
EPSI,2023-11-21,9188.189454036397,0,1.0,False,0.00033829499646035607,
EPSI,2023-11-22,9169.542697153522,0,1.0,False,-0.002031488763661244,
EPSI,2023-11-23,9307.839477368174,0,1.0,False,0.014969584052326365,
EPSI,2023-11-24,9373.103126458234,0,1.0,False,0.006987218578296852,
EPSI,2023-11-27,9389.41903873075,0,1.0,False,0.0017392028898460278,
EPSI,2023-11-28,9414.28138124125,0,1.0,False,0.0026444110939392064,
EPSI,2023-11-29,9516.061595893607,0,1.0,False,0.01075323310599715,
EPSI,2023-11-30,9436.81287914139,0,1.0,False,-0.008362760879999105,
EPSI,2023-12-01,9342.802146523563,0,1.0,False,-0.010012081483558765,
EPSI,2023-12-04,9338.9174055063,0,1.0,False,-0.00041588688476319036,
EPSI,2023-12-05,9206.059262715818,0,1.0,False,-0.014328453272458685,
EPSI,2023-12-06,9206.836210919271,0,1.0,False,8.439174653721613e-05,
EPSI,2023-12-07,9230.921605226318,0,1.0,False,0.0026126178950102,
EPSI,2023-12-08,9235.583294447037,0,1.0,False,0.0005048805223368738,
EPSI,2023-12-11,9197.512832477834,0,1.0,False,-0.00413066972995403,
EPSI,2023-12-12,9360.671955202986,0,1.0,False,0.017583974789004583,
EPSI,2023-12-13,9473.329444703686,0,1.0,False,0.011963345520589983,
EPSI,2023-12-14,9444.58236117592,0,1.0,False,-0.003039141523581098,
EPSI,2023-12-15,9470.221651889873,0,1.0,False,0.0027110306191527865,
EPSI,2023-12-18,9630.272981801212,0,1.0,False,0.016759259813454466,
EPSI,2023-12-19,9574.332711152589,0,1.0,False,-0.005825730531167804,
EPSI,2023-12-20,9457.01353243117,0,1.0,False,-0.012329202921261453,
EPSI,2023-12-21,9470.998600093326,0,1.0,False,0.0014777114584553833,
EPSI,2023-12-22,9522.27718152123,0,1.0,False,0.005399669505055385,
EPSI,2023-12-25,9579.77134857676,0,1.0,False,0.006019704178017482,
EPSI,2023-12-26,9673.005132991133,0,1.0,False,0.009685305734463679,
EPSI,2023-12-27,9663.332127858142,2,2.0,False,-0.0012005003335834234,
EPSI,2023-12-28,9518.373534740222,1,1.0,False,-0.015314542502023298,
EPSI,2023-12-29,9461.283626923605,0,1.0,False,-0.006015923207697464,
EPSI,2024-01-01,9538.706926565317,0,1.0,False,0.008149870176378634,
EPSI,2024-01-02,9443.296395693713,0,1.0,False,-0.010052820322464764,
EPSI,2024-01-03,9239.96247744275,0,1.0,False,-0.02176728889976532,
EPSI,2024-01-04,9256.385601609174,0,1.0,False,0.001775823899092132,
EPSI,2024-01-05,9176.616141372258,0,1.0,False,-0.008655124034295105,
EPSI,2024-01-08,8987.359186692518,0,1.0,False,-0.02083946938662493,
EPSI,2024-01-09,9004.564364390675,0,1.0,False,0.0019125451365746655,
EPSI,2024-01-10,8956.077045423139,0,1.0,False,-0.005399299017749213,
EPSI,2024-01-11,9136.7314112538,0,1.0,False,0.019970406499142654,
EPSI,2024-01-12,9142.205785975942,0,1.0,False,0.0005989817489656911,
EPSI,2024-01-15,9221.975246212858,0,1.0,False,0.00868755996300369,
EPSI,2024-01-16,9229.013727998468,0,1.0,False,0.0007629381966307589,
EPSI,2024-01-17,9170.359713118383,0,1.0,False,-0.006375675101588271,
EPSI,2024-01-18,9124.218554746049,0,1.0,False,-0.005044254700303588,
EPSI,2024-01-19,9244.654798633157,0,1.0,False,0.013113266926520002,
EPSI,2024-01-22,9331.462740655683,0,1.0,False,0.009346255884262085,
EPSI,2024-01-23,9156.282749547163,0,1.0,False,-0.018951497822862515,
EPSI,2024-01-24,9001.436150263737,0,1.0,False,-0.017056146095848292,
EPSI,2024-01-25,8876.307585186223,0,1.0,False,-0.013998478806379454,
EPSI,2024-01-26,8993.615614946393,0,1.0,False,0.013129291441792581,
EPSI,2024-01-29,8819.217677369606,0,1.0,False,-0.019581782119053762,
EPSI,2024-01-30,8917.75642236815,0,1.0,False,0.011111225425070629,
EPSI,2024-01-31,8975.6283837165,0,1.0,False,0.006468554023309747,
EPSI,2024-02-01,8985.013026097315,0,1.0,False,0.0010450231726967085,
EPSI,2024-02-02,8932.615439471105,0,1.0,False,-0.005848735628556632,
EPSI,2024-02-05,9066.346593397699,0,1.0,False,0.014860147445593233,
EPSI,2024-02-06,9103.10310938922,0,1.0,False,0.004045974615027509,
EPSI,2024-02-07,8959.98731308181,0,1.0,False,-0.015846545391803083,
EPSI,2024-02-08,8841.897229789905,0,1.0,False,-0.013267338658389789,
EPSI,2024-02-09,8665.93518514965,0,1.0,False,-0.020101628298910604,
EPSI,2024-02-12,8787.153482568494,0,1.0,False,0.013890979287808913,
EPSI,2024-02-13,8947.474456574058,0,1.0,False,0.01808048547680947,
EPSI,2024-02-14,9057.744004548618,0,1.0,False,0.012248774084791181,
EPSI,2024-02-15,9043.6670409774,0,1.0,False,-0.0015553446494982082,
EPSI,2024-02-16,8890.384548757444,0,1.0,False,-0.017094433359300183,
EPSI,2024-02-19,8794.974017885837,0,1.0,False,-0.010789880924789655,
EPSI,2024-02-20,8690.17884463342,0,1.0,False,-0.011986904417967181,
EPSI,2024-02-21,8667.499292213119,0,1.0,False,-0.0026132026585267767,
EPSI,2024-02-22,8818.435623837871,0,1.0,False,0.017264170458350228,
EPSI,2024-02-23,8961.55142014528,0,1.0,False,0.016098874192445187,
EPSI,2024-02-26,8911.499994114274,0,1.0,False,-0.00560078474666366,
EPSI,2024-02-27,8674.537773998729,0,1.0,False,-0.026950534944116082,
EPSI,2024-02-28,8552.537423048152,0,1.0,False,-0.014164028331883108,
EPSI,2024-02-29,8683.14036284781,0,1.0,False,0.015155242650480242,
EPSI,2024-03-01,8697.217326419028,0,1.0,False,0.001619870764575992,
EPSI,2024-03-04,8657.332596300572,0,1.0,False,-0.0045964661161592224,
EPSI,2024-03-05,8621.358133840786,0,1.0,False,-0.004164032449242836,
EPSI,2024-03-06,8540.806620072135,0,1.0,False,-0.009387173055711484,
EPSI,2024-03-07,8406.293412613806,0,1.0,False,-0.015874814224664892,
EPSI,2024-03-08,8622.14018737252,0,1.0,False,0.02535269434198332,
EPSI,2024-03-11,8811.397142052261,0,1.0,False,0.021712677849118945,
EPSI,2024-03-12,8726.153307093204,0,1.0,False,-0.00972136975869234,
EPSI,2024-03-13,8528.293763564383,0,1.0,False,-0.02293532976974418,
EPSI,2024-03-14,8553.319476579887,0,1.0,False,0.0029301366994964966,
EPSI,2024-03-15,8525.94760296918,0,1.0,False,-0.0032052777109997164,
EPSI,2024-03-18,8594.768313761815,0,1.0,False,0.008039509773441155,
EPSI,2024-03-19,8677.665988125667,0,1.0,False,0.009598914597000343,
EPSI,2024-03-20,8547.845101857745,0,1.0,False,-0.015073380824083285,
EPSI,2024-03-21,8677.665988125667,0,1.0,False,0.015073380824083226,
EPSI,2024-03-22,8641.691525665881,0,1.0,False,-0.004154255048768712,
EPSI,2024-03-25,8701.127594077701,0,1.0,False,0.006854283689339711,
EPSI,2024-03-26,8680.794202252606,0,1.0,False,-0.0023396033348129434,
EPSI,2024-03-27,8774.640626060742,0,1.0,False,0.010752791776261697,
EPSI,2024-03-28,8536.114298881728,0,1.0,False,-0.027559910092643074,
EPSI,2024-03-29,8615.883759118644,0,1.0,False,0.009301544356020527,
EPSI,2024-04-01,8525.94760296918,0,1.0,False,-0.010493275715838768,
EPSI,2024-04-02,8528.293763564383,0,1.0,False,0.00027514101150333443,
EPSI,2024-04-03,8644.81973979282,0,1.0,False,0.013570953757478976,
EPSI,2024-04-04,8565.83233308764,0,1.0,False,-0.009178962069461656,
EPSI,2024-04-05,8465.729481025626,0,1.0,False,-0.01175511745305609,
EPSI,2024-04-08,8410.985733804213,0,1.0,False,-0.006487511168860192,
EPSI,2024-04-09,8364.062521900145,0,1.0,False,-0.0055944201853244365,
EPSI,2024-04-10,8253.792973925585,0,1.0,False,-0.01327140755089276,
EPSI,2024-04-11,8278.036633409354,0,1.0,False,0.002932969603352409,
EPSI,2024-04-12,8282.728954599761,0,1.0,False,0.0005666792747037517,
EPSI,2024-04-15,8318.703417059547,0,1.0,False,0.004333905407995601,
EPSI,2024-04-16,8247.536545671708,0,1.0,False,-0.008591848161250065,
EPSI,2024-04-17,8166.98503190306,0,1.0,False,-0.009814743610866265,
EPSI,2024-04-18,8151.343961268371,0,1.0,False,-0.0019169947402263227,
EPSI,2024-04-19,8123.972087657663,0,1.0,False,-0.0033636089566833785,
EPSI,2024-04-22,8108.331017022974,0,1.0,False,-0.001927154190583054,
EPSI,2024-04-23,8023.869235595651,0,1.0,False,-0.010471299867295478,
EPSI,2024-04-24,8042.638520357279,0,1.0,False,0.002336449661019727,
EPSI,2024-04-25,7951.1382571443455,0,1.0,False,-0.011442108110619175,
EPSI,2024-04-26,7953.48441773955,0,1.0,False,0.00029502876744464437,
EPSI,2024-04-29,7922.984330001905,0,1.0,False,-0.0038421799889283787,
EPSI,2024-04-30,7922.202276470171,0,1.0,False,-9.871181094825393e-05,
EPSI,2024-05-01,8044.984680952482,0,1.0,False,0.015379643888300973,
EPSI,2024-05-02,7936.279240041391,0,1.0,False,-0.013604320411857595,
EPSI,2024-05-03,7705.573448179723,0,1.0,False,-0.02950066439669799,
EPSI,2024-05-06,7652.393808021779,0,1.0,False,-0.006925376492298001,
EPSI,2024-05-07,7561.67559834058,0,1.0,False,-0.011925709346629046,
EPSI,2024-05-08,7279.354273384437,0,1.0,False,-0.03805064606136517,
EPSI,2024-05-09,7440.457300921737,0,1.0,False,0.02189015257004433,
EPSI,2024-05-10,7485.034352230602,0,1.0,False,0.005973295203679641,
EPSI,2024-05-13,7547.598634769361,0,1.0,False,0.008323843711229658,
EPSI,2024-05-14,7521.790868222123,0,1.0,False,-0.003425194069528044,
EPSI,2024-05-15,7554.63711655497,0,1.0,False,0.004357305368955626,
EPSI,2024-05-16,7510.84211877784,0,1.0,False,-0.005813969865419734,
EPSI,2024-05-17,7587.4833648878175,0,1.0,False,0.010152371464017908,
EPSI,2024-05-20,7614.07318496679,0,1.0,False,0.003498305862201426,
EPSI,2024-05-21,7611.727024371586,0,1.0,False,-0.0003081822408696659,
EPSI,2024-05-22,7617.201399093728,0,1.0,False,0.0007189442100871688,
EPSI,2024-05-23,7757.188981274197,0,1.0,False,0.018210992109412988,
EPSI,2024-05-24,7767.355677186745,0,1.0,False,0.00130975788206351,
EPSI,2024-05-27,7678.201574569017,0,1.0,False,-0.011544432010059332,
EPSI,2024-05-28,7717.3042511557405,0,1.0,False,0.005079763031249472,
EPSI,2024-05-29,7783.77880135317,0,1.0,False,0.008576814596816274,
EPSI,2024-05-30,7768.919784250214,0,1.0,False,-0.001910796578767794,
EPSI,2024-05-31,7762.663355996339,0,1.0,False,-0.0008056395199095877,
EPSI,2024-06-03,7670.381039251672,0,1.0,False,-0.011959197971393474,
EPSI,2024-06-04,7687.58621694983,0,1.0,False,0.0022405549652196087,
EPSI,2024-06-05,7573.406401316597,0,1.0,False,-0.01496389508326318,
EPSI,2024-06-06,7549.162741832829,0,1.0,False,-0.003206291209333893,
EPSI,2024-06-07,7493.636941079681,0,1.0,False,-0.007382409405547858,
EPSI,2024-06-10,7578.098722507005,0,1.0,False,0.011208087441744775,
EPSI,2024-06-11,7718.086304687474,0,1.0,False,0.018304105287195154,
EPSI,2024-06-12,7614.07318496679,0,1.0,False,-0.013568175504643976,
EPSI,2024-06-13,7622.6757738158685,0,1.0,False,0.0011291896698468634,
EPSI,2024-06-14,7591.393632546489,0,1.0,False,-0.004112270624983732,
EPSI,2024-06-17,7621.893720284133,0,1.0,False,0.004009669691225115,
EPSI,2024-06-18,7618.765506157197,0,1.0,False,-0.0004105090369633642,
EPSI,2024-06-19,7575.752561911801,0,1.0,False,-0.005661654940103056,
EPSI,2024-06-20,7576.534615443535,0,1.0,False,0.0001032258065430456,
EPSI,2024-06-21,7557.765330681908,0,1.0,False,-0.002480365058331843,
EPSI,2024-06-24,7694.62469873544,0,1.0,False,0.017946438691169214,
EPSI,2024-06-25,7617.983452625462,0,1.0,False,-0.010010298094809795,
EPSI,2024-06-26,7637.534790918823,0,1.0,False,0.0025631838506499117,
EPSI,2024-06-27,7682.893895759423,0,1.0,False,0.00592140576531824,
EPSI,2024-06-28,7734.5094288538985,0,1.0,False,0.006695774229834238,
EPSI,2024-07-01,7713.393983497067,0,1.0,False,-0.002733763662764377,
EPSI,2024-07-02,7842.432816233255,0,1.0,False,0.016590798324190466,
EPSI,2024-07-03,7643.791219172699,0,1.0,False,-0.025655381448083943,
EPSI,2024-07-04,7542.124260047219,0,1.0,False,-0.01338983852903839,
EPSI,2024-07-05,7606.252649649446,0,1.0,False,0.008466751662669423,
EPSI,2024-07-08,7531.957564134671,0,1.0,False,-0.009815649402866871,
EPSI,2024-07-09,7442.021407985207,0,1.0,False,-0.012012470138016016,
EPSI,2024-07-10,7402.136677866749,0,1.0,False,-0.005373807779425056,
EPSI,2024-07-11,7320.021057034629,0,1.0,False,-0.011155494171785622,
EPSI,2024-07-12,7378.675071914714,0,1.0,False,0.007980888331012832,
EPSI,2024-07-15,7465.48301393724,0,1.0,False,0.011696039763191236,
EPSI,2024-07-16,7473.303549254585,0,1.0,False,0.0010470108798584176,
EPSI,2024-07-17,7582.791043697411,0,1.0,False,0.014544199863395463,
EPSI,2024-07-18,7452.188103897755,0,1.0,False,-0.017373648960907373,
EPSI,2024-07-19,7461.572746278568,0,1.0,False,0.001258521403657571,
EPSI,2024-07-22,7583.573097229145,0,1.0,False,0.01621825755270036,
EPSI,2024-07-23,7673.50925337861,0,1.0,False,0.011789567073833796,
EPSI,2024-07-24,7807.240407305203,0,1.0,False,0.017277519958045107,
EPSI,2024-07-25,7754.06076714726,0,0.0,False,-0.006834884382528754,
EPSI,2024-07-26,7847.907190955396,0,1.0,False,0.012030220276542061,
EPSI,2024-07-29,7819.753263812954,0,1.0,False,-0.003593894254589282,
EPSI,2024-07-30,7876.843171629571,0,1.0,False,0.007274208748333882,
EPSI,2024-07-31,8009.010218492696,0,1.0,False,0.0166399743512546,
EPSI,2024-08-01,7929.240758255781,0,1.0,False,-0.010009897122857797,
EPSI,2024-08-02,7760.317195401136,0,1.0,False,-0.0215340790383382,
EPSI,2024-08-05,7928.458704724046,0,1.0,False,0.021435445118053037,
EPSI,2024-08-06,7985.548612540662,0,1.0,False,0.007174830523243451,
EPSI,2024-08-07,7977.563063928122,2,2.0,False,-0.0012005003335835345,
EPSI,2024-08-08,7955.553167985826,1,1.0,False,-0.0029627878466523825,
EPSI,2024-08-09,7740.390730517518,0,1.0,False,-0.02741802821035101,
EPSI,2024-08-12,7758.320933639876,0,1.0,False,0.002313767945366334,
EPSI,2024-08-13,7750.562612706236,2,2.0,False,-0.0012005003335835345,
EPSI,2024-08-14,7750.562612706236,0,2.0,False,0.0,
EPSI,2024-08-15,7750.562612706236,0,2.0,False,0.0,
EPSI,2024-08-16,7750.562612706236,0,2.0,False,0.0,
EPSI,2024-08-19,7750.562612706236,0,2.0,False,0.0,
EPSI,2024-08-20,7750.562612706236,0,2.0,False,0.0,
EPSI,2024-08-21,7750.562612706236,0,2.0,False,0.0,
EPSI,2024-08-22,7750.562612706236,0,2.0,False,0.0,
EPSI,2024-08-23,7751.614337459284,1,1.0,False,-6.43126371164272e-05,
EPSI,2024-08-26,7776.4207836718615,0,1.0,False,0.0031950555394634284,
EPSI,2024-08-27,7802.0274378267795,0,2.0,True,0.0032874490260445593,
EPSI,2024-08-28,7843.638250828521,0,1.0,False,0.005319161477599805,
EPSI,2024-08-29,7884.448855887924,0,1.0,False,0.005189530852981856,
EPSI,2024-08-30,7876.564407032036,2,2.0,False,-0.0012005003335835345,
EPSI,2024-09-02,7808.555948631145,1,1.0,False,-0.008871770830234932,
EPSI,2024-09-03,7775.756733725403,0,1.0,False,-0.004209266587765145,
EPSI,2024-09-04,7931.162537683559,0,2.0,True,0.0197888424364848,
EPSI,2024-09-05,7923.231375145876,2,2.0,False,-0.0012005003335834234,
EPSI,2024-09-06,7923.231375145876,0,2.0,False,0.0,
EPSI,2024-09-09,7923.231375145876,0,2.0,False,0.0,
EPSI,2024-09-10,7923.231375145876,0,2.0,False,0.0,
EPSI,2024-09-11,7923.231375145876,0,2.0,False,0.0,
EPSI,2024-09-12,7923.231375145876,0,2.0,False,0.0,
EPSI,2024-09-13,7923.231375145876,0,2.0,False,0.0,
EPSI,2024-09-16,7923.231375145876,0,2.0,False,0.0,
EPSI,2024-09-17,7923.231375145876,0,2.0,False,0.0,
EPSI,2024-09-18,7923.231375145876,0,2.0,False,0.0,
EPSI,2024-09-19,7923.231375145876,0,2.0,False,0.0,
EPSI,2024-09-20,7923.231375145876,0,2.0,False,0.0,
EPSI,2024-09-23,7923.231375145876,0,2.0,False,0.0,
EPSI,2024-09-24,7923.231375145876,0,2.0,False,0.0,
EPSI,2024-09-25,7923.231375145876,0,2.0,False,0.0,
EPSI,2024-09-26,7923.231375145876,0,2.0,False,0.0,
EPSI,2024-09-27,8141.860409306588,1,1.0,False,0.02701958088385203,
EPSI,2024-09-30,8261.409161804337,0,1.0,False,0.014576468272549133,
EPSI,2024-10-01,8292.403282822272,0,2.0,True,0.0037446548750470947,
EPSI,2024-10-02,8401.620661647376,0,1.0,False,0.013084794589937573,
EPSI,2024-10-03,8393.219040985728,2,2.0,False,-0.0012005003335835345,
EPSI,2024-10-04,8393.219040985728,0,2.0,False,0.0,
EPSI,2024-10-07,8393.219040985728,0,2.0,False,0.0,
EPSI,2024-10-08,8393.219040985728,0,2.0,False,0.0,
EPSI,2024-10-09,8393.219040985728,0,2.0,False,0.0,
EPSI,2024-10-10,8393.219040985728,0,2.0,False,0.0,
EPSI,2024-10-11,8393.219040985728,0,2.0,False,0.0,
EPSI,2024-10-14,8440.806458948764,1,1.0,False,0.005453733234863664,
EPSI,2024-10-15,8524.39398543422,0,1.0,False,0.009854077839002669,
EPSI,2024-10-16,8372.556093286328,0,2.0,True,-0.017972708520691393,
EPSI,2024-10-17,8459.211051936389,0,1.0,False,0.010296687627678738,
EPSI,2024-10-18,8436.205310701858,0,1.0,False,-0.002723313229946152,
EPSI,2024-10-21,8476.84878688286,0,1.0,False,0.004806175653772536,
EPSI,2024-10-22,8468.371938095977,2,2.0,False,-0.0012005003335834234,
EPSI,2024-10-23,8468.371938095977,0,2.0,False,0.0,
EPSI,2024-10-24,8468.371938095977,0,2.0,False,0.0,
EPSI,2024-10-25,8468.371938095977,0,2.0,False,0.0,
EPSI,2024-10-28,8468.371938095977,0,2.0,False,0.0,
EPSI,2024-10-29,8468.371938095977,0,2.0,False,0.0,
EPSI,2024-10-30,8468.371938095977,0,2.0,False,0.0,
EPSI,2024-10-31,8468.371938095977,0,2.0,False,0.0,
EPSI,2024-11-01,8468.371938095977,0,2.0,False,0.0,
EPSI,2024-11-04,8468.371938095977,0,2.0,False,0.0,
EPSI,2024-11-05,8468.371938095977,0,2.0,False,0.0,
EPSI,2024-11-06,8468.371938095977,0,2.0,False,0.0,
EPSI,2024-11-07,8468.371938095977,0,2.0,False,0.0,
EPSI,2024-11-08,8578.870960056976,1,1.0,False,0.012764040016788875,
EPSI,2024-11-11,8651.184473995643,0,1.0,False,0.008393929874932541,
EPSI,2024-11-12,8653.517167993665,0,1.0,False,0.0002696023381865625,
EPSI,2024-11-13,8611.528676029278,0,1.0,False,-0.004863998060088701,
EPSI,2024-11-14,8609.195982031257,0,1.0,False,-0.00027091705588561094,
EPSI,2024-11-15,8610.75111136327,0,1.0,False,0.00018061952546159622,
EPSI,2024-11-18,8856.461545821532,0,1.0,False,0.028135759058315342,
EPSI,2024-11-19,8707.169129948159,0,1.0,False,-0.017000586532389086,
EPSI,2024-11-20,8630.190228013449,0,1.0,False,-0.00888017675685921,
EPSI,2024-11-21,8525.99656276849,0,1.0,False,-0.01214663229999088,
EPSI,2024-11-22,8566.429925400862,0,1.0,False,0.00473115248807619,
EPSI,2024-11-25,8593.644688711112,0,1.0,False,0.0031718727032421365,
EPSI,2024-11-26,8535.327338760575,0,1.0,False,-0.006809232355990768,
EPSI,2024-11-27,8631.745357345464,0,1.0,False,0.011233019645330732,
EPSI,2024-11-28,8664.403073317764,0,1.0,False,0.003776303714406672,
EPSI,2024-11-29,8756.155703906608,0,1.0,False,0.010533930649971466,
EPSI,2024-12-02,8894.562214455884,0,1.0,False,0.015683140828647923,
EPSI,2024-12-03,8680.731931303915,0,1.0,False,-0.02433425386946061,
EPSI,2024-12-04,8746.047363248515,0,1.0,False,0.007496019394233214,
EPSI,2024-12-05,8620.081887355356,0,1.0,False,-0.014507284070696059,
EPSI,2024-12-06,8647.296650665607,0,1.0,False,0.0031521618390920013,
EPSI,2024-12-09,8644.186392001578,0,1.0,False,-0.00035974458522691224,
EPSI,2024-12-10,8647.296650665607,0,1.0,False,0.00035974458522692075,
EPSI,2024-12-11,8532.217080096549,0,1.0,False,-0.013397502828042659,
EPSI,2024-12-12,8640.298568671542,0,1.0,False,0.01258789544338041,
EPSI,2024-12-13,8520.55361010644,0,0.0,False,-0.013955822335818525,
EPSI,2024-12-16,8601.420335371186,0,1.0,False,0.009446028456262363,
EPSI,2024-12-17,8460.681130823888,0,1.0,False,-0.01649766260361143,
EPSI,2024-12-18,8453.683048829824,0,1.0,False,-0.0008274721200324241,
EPSI,2024-12-19,8656.627426657693,0,1.0,False,0.023722993897727845,
EPSI,2024-12-20,8907.780813778005,0,1.0,False,0.028599939471719592,
EPSI,2024-12-23,8742.937104584487,0,1.0,False,-0.018678957174004297,
EPSI,2024-12-24,8657.4049913237,0,1.0,False,-0.0098311632829695,
EPSI,2024-12-25,8598.310076707156,0,1.0,False,-0.006849341845574783,
EPSI,2024-12-26,8842.465381833403,0,1.0,False,0.028000045873012087,
EPSI,2024-12-27,8840.132687835381,0,1.0,False,-0.0002638406417838762,
EPSI,2024-12-30,8939.660965084298,0,1.0,False,0.0111957786246338,
EPSI,2024-12-31,8982.427021714691,0,1.0,False,0.004772450378867116,
GAMM,2023-10-20,10000.0,0,0.0,False,0.0,
GAMM,2023-10-23,10000.0,0,0.0,False,0.0,
GAMM,2023-10-24,10000.0,0,0.0,False,0.0,
GAMM,2023-10-25,10000.0,0,2.0,False,0.0,
GAMM,2023-10-26,10000.0,0,0.0,False,0.0,
GAMM,2023-10-27,10000.0,0,0.0,False,0.0,
GAMM,2023-10-30,10000.0,0,0.0,False,0.0,
GAMM,2023-10-31,10000.0,0,0.0,False,0.0,
GAMM,2023-11-01,10000.0,0,2.0,False,0.0,
GAMM,2023-11-02,10000.0,0,0.0,False,0.0,
GAMM,2023-11-03,10000.0,0,0.0,False,0.0,
GAMM,2023-11-06,10000.0,0,0.0,False,0.0,
GAMM,2023-11-07,10060.756972111554,1,1.0,False,0.005857314583464137,
GAMM,2023-11-08,10088.027888446215,0,0.0,False,0.0027069555981604257,
GAMM,2023-11-09,9824.163346613546,0,0.0,False,-0.026504364607248126,
GAMM,2023-11-10,9788.04780876494,0,1.0,False,-0.0036829685735933057,
GAMM,2023-11-13,9692.231075697211,0,0.0,False,-0.009837385424514246,
GAMM,2023-11-14,9682.538844621515,2,2.0,False,-0.0012005003335834234,
GAMM,2023-11-15,9682.538844621515,0,2.0,False,0.0,
GAMM,2023-11-16,9682.538844621515,0,2.0,False,0.0,
GAMM,2023-11-17,9682.538844621515,0,2.0,False,0.0,
GAMM,2023-11-20,9682.538844621515,0,0.0,False,0.0,
GAMM,2023-11-21,9682.538844621515,0,2.0,False,0.0,
GAMM,2023-11-22,9682.538844621515,0,2.0,False,0.0,
GAMM,2023-11-23,9682.538844621515,0,2.0,False,0.0,
GAMM,2023-11-24,9682.538844621515,0,2.0,False,0.0,
GAMM,2023-11-27,9682.538844621515,0,2.0,False,0.0,
GAMM,2023-11-28,9682.538844621515,0,2.0,False,0.0,
GAMM,2023-11-29,9682.538844621515,0,2.0,False,0.0,
GAMM,2023-11-30,9682.538844621515,0,2.0,False,0.0,
GAMM,2023-12-01,9682.538844621515,0,2.0,False,0.0,
GAMM,2023-12-04,9682.538844621515,0,2.0,False,0.0,
GAMM,2023-12-05,9682.538844621515,0,2.0,False,0.0,
GAMM,2023-12-06,9682.538844621515,0,2.0,False,0.0,
GAMM,2023-12-07,9682.538844621515,0,2.0,False,0.0,
GAMM,2023-12-08,9682.538844621515,0,2.0,False,0.0,
GAMM,2023-12-11,9682.538844621515,0,2.0,False,0.0,
GAMM,2023-12-12,9682.538844621515,0,0.0,False,0.0,
GAMM,2023-12-13,9682.538844621515,0,2.0,False,0.0,
GAMM,2023-12-14,9682.538844621515,0,0.0,False,0.0,
GAMM,2023-12-15,9682.538844621515,0,2.0,False,0.0,
GAMM,2023-12-18,9682.538844621515,0,2.0,False,0.0,
GAMM,2023-12-19,9682.538844621515,0,2.0,False,0.0,
GAMM,2023-12-20,9682.538844621515,0,2.0,False,0.0,
GAMM,2023-12-21,9682.538844621515,0,2.0,False,0.0,
GAMM,2023-12-22,9682.538844621515,0,2.0,False,0.0,
GAMM,2023-12-25,9682.538844621515,0,0.0,False,0.0,
GAMM,2023-12-26,9682.538844621515,0,2.0,False,0.0,
GAMM,2023-12-27,9682.538844621515,0,2.0,False,0.0,
GAMM,2023-12-28,9682.538844621515,0,2.0,False,0.0,
GAMM,2023-12-29,9682.538844621515,0,2.0,False,0.0,
GAMM,2024-01-01,9682.538844621515,0,2.0,False,0.0,
GAMM,2024-01-02,9682.538844621515,0,2.0,False,0.0,
GAMM,2024-01-03,9682.538844621515,0,2.0,False,0.0,
GAMM,2024-01-04,9682.538844621515,0,2.0,False,0.0,
GAMM,2024-01-05,9682.538844621515,0,2.0,False,0.0,
GAMM,2024-01-08,9682.538844621515,0,2.0,False,0.0,
GAMM,2024-01-09,9682.538844621515,0,2.0,False,0.0,
GAMM,2024-01-10,9682.538844621515,0,2.0,False,0.0,
GAMM,2024-01-11,9682.538844621515,0,2.0,False,0.0,
GAMM,2024-01-12,9682.538844621515,0,2.0,False,0.0,
GAMM,2024-01-15,9682.538844621515,0,2.0,False,0.0,
GAMM,2024-01-16,9682.538844621515,0,0.0,False,0.0,
GAMM,2024-01-17,9682.538844621515,0,2.0,False,0.0,
GAMM,2024-01-18,9682.538844621515,0,2.0,False,0.0,
GAMM,2024-01-19,9682.538844621515,0,2.0,False,0.0,
GAMM,2024-01-22,9682.538844621515,0,0.0,False,0.0,
GAMM,2024-01-23,9682.538844621515,0,2.0,False,0.0,
GAMM,2024-01-24,9682.538844621515,0,2.0,False,0.0,
GAMM,2024-01-25,9682.538844621515,0,2.0,False,0.0,
GAMM,2024-01-26,9682.538844621515,0,2.0,False,0.0,
GAMM,2024-01-29,9682.538844621515,0,2.0,False,0.0,
GAMM,2024-01-30,9682.538844621515,0,2.0,False,0.0,
GAMM,2024-01-31,9509.476925148709,1,1.0,False,-0.018235271805305958,
GAMM,2024-02-01,9371.600667350292,0,1.0,False,-0.0146049618112231,
GAMM,2024-02-02,9399.494707945347,0,1.0,False,0.002972022737033559,
GAMM,2024-02-05,9465.643432785051,0,1.0,False,0.00701282921379089,
GAMM,2024-02-06,9456.177789352267,2,2.0,False,-0.0012005003335834234,
GAMM,2024-02-07,9456.177789352267,0,2.0,False,0.0,
GAMM,2024-02-08,9456.177789352267,0,2.0,False,0.0,
GAMM,2024-02-09,9456.177789352267,0,2.0,False,0.0,
GAMM,2024-02-12,9456.177789352267,0,2.0,False,0.0,
GAMM,2024-02-13,9409.69458411473,1,1.0,False,-0.005127765690287084,
GAMM,2024-02-14,9382.326781218246,0,1.0,False,-0.002912706591073317,
GAMM,2024-02-15,9288.149341839167,0,2.0,True,-0.010088466680373035,
GAMM,2024-02-16,9359.78859059761,0,1.0,False,0.007683380484098788,
GAMM,2024-02-19,9547.338533976459,0,1.0,False,0.019839724350509264,
GAMM,2024-02-20,9690.617031493348,0,1.0,False,0.014895672905750775,
GAMM,2024-02-21,9680.926414461854,2,2.0,False,-0.0012005003335836457,
GAMM,2024-02-22,9680.926414461854,0,2.0,False,0.0,
GAMM,2024-02-23,9680.926414461854,0,2.0,False,0.0,
GAMM,2024-02-26,9680.926414461854,0,2.0,False,0.0,
GAMM,2024-02-27,9625.652816405784,1,1.0,False,-0.0059258977275331234,
GAMM,2024-02-28,9415.286629708531,0,1.0,False,-0.022097097367816534,
GAMM,2024-02-29,9383.291772416174,0,2.0,True,-0.0034039689067601837,
GAMM,2024-03-01,9340.098715071492,0,1.0,False,-0.004613815430005366,
GAMM,2024-03-04,9132.932014103477,0,1.0,False,-0.0224300375515104,
GAMM,2024-03-05,9165.726742828143,0,1.0,False,0.0035843899022435983,
GAMM,2024-03-06,9217.718385928223,0,1.0,False,0.005656369777970883,
GAMM,2024-03-07,9410.487401114679,0,1.0,False,0.020697204957043913,
GAMM,2024-03-08,9401.076913713563,2,2.0,False,-0.0012005003335836457,
GAMM,2024-03-11,9401.076913713563,0,2.0,False,0.0,
GAMM,2024-03-12,9401.076913713563,0,2.0,False,0.0,
GAMM,2024-03-13,9401.076913713563,0,2.0,False,0.0,
GAMM,2024-03-14,9401.076913713563,0,2.0,False,0.0,
GAMM,2024-03-15,9401.076913713563,0,2.0,False,0.0,
GAMM,2024-03-18,9407.06804251875,1,1.0,False,0.000437078140535619,
GAMM,2024-03-19,9410.308506880621,0,1.0,False,0.00034441192005667617,
GAMM,2024-03-20,9338.208174828937,0,2.0,True,-0.00769134846356469,
GAMM,2024-03-21,9480.78860675137,0,1.0,False,0.015153109573753532,
GAMM,2024-03-22,9435.42210568514,0,0.0,False,-0.004796583072114466,
GAMM,2024-03-25,9216.69076125868,0,1.0,False,-0.023454862562935316,
GAMM,2024-03-26,9198.868207268377,0,1.0,False,-0.0019355980000575496,
GAMM,2024-03-27,9249.095404877415,0,1.0,False,0.00544529713666814,
GAMM,2024-03-28,9297.702370305518,0,1.0,False,0.005241560004341237,
GAMM,2024-03-29,9339.018290919405,0,1.0,False,0.004433825998689621,
GAMM,2024-04-01,9329.679272628486,2,2.0,False,-0.0012005003335834234,
GAMM,2024-04-02,9329.679272628486,0,2.0,False,0.0,
GAMM,2024-04-03,9259.901113634161,1,1.0,False,-0.0077072686164554195,
GAMM,2024-04-04,9435.604694691889,0,2.0,True,0.018796897626307357,
GAMM,2024-04-05,9211.542329856806,0,0.0,False,-0.024032968582074238,
GAMM,2024-04-08,9185.75097850888,0,1.0,False,-0.0028038220418628358,
GAMM,2024-04-09,9318.737633896611,0,1.0,False,0.014373695786686194,
GAMM,2024-04-10,9447.694390636228,0,1.0,False,0.013743559393953155,
GAMM,2024-04-11,9538.770100083584,0,1.0,False,0.009593824911709934,
GAMM,2024-04-12,9603.248478453394,0,1.0,False,0.006736867584758369,
GAMM,2024-04-15,9593.64522997494,2,2.0,False,-0.0012005003335835345,
GAMM,2024-04-16,9593.64522997494,0,2.0,False,0.0,
GAMM,2024-04-17,9593.64522997494,0,2.0,False,0.0,
GAMM,2024-04-18,9593.64522997494,0,2.0,False,0.0,
GAMM,2024-04-19,9593.64522997494,0,2.0,False,0.0,
GAMM,2024-04-22,9593.64522997494,0,2.0,False,0.0,
GAMM,2024-04-23,9593.64522997494,0,2.0,False,0.0,
GAMM,2024-04-24,9593.64522997494,0,2.0,False,0.0,
GAMM,2024-04-25,9593.64522997494,0,2.0,False,0.0,
GAMM,2024-04-26,9593.64522997494,0,0.0,False,0.0,
GAMM,2024-04-29,9593.64522997494,0,0.0,False,0.0,
GAMM,2024-04-30,9593.64522997494,0,0.0,False,0.0,
GAMM,2024-05-01,9593.64522997494,0,0.0,False,0.0,
GAMM,2024-05-02,9593.64522997494,0,0.0,False,0.0,
GAMM,2024-05-03,9593.64522997494,0,0.0,False,0.0,
GAMM,2024-05-06,9593.64522997494,0,0.0,False,0.0,
GAMM,2024-05-07,9593.64522997494,0,0.0,False,0.0,
GAMM,2024-05-08,9593.64522997494,0,0.0,False,0.0,
GAMM,2024-05-09,9593.64522997494,0,0.0,False,0.0,
GAMM,2024-05-10,9593.64522997494,0,2.0,False,0.0,
GAMM,2024-05-13,9593.64522997494,0,0.0,False,0.0,
GAMM,2024-05-14,9593.64522997494,0,0.0,False,0.0,
GAMM,2024-05-15,9593.64522997494,0,0.0,False,0.0,
GAMM,2024-05-16,9593.64522997494,0,0.0,False,0.0,
GAMM,2024-05-17,9593.64522997494,0,0.0,False,0.0,
GAMM,2024-05-20,9593.64522997494,0,0.0,False,0.0,
GAMM,2024-05-21,9593.64522997494,0,0.0,False,0.0,
GAMM,2024-05-22,9593.64522997494,0,0.0,False,0.0,
GAMM,2024-05-23,9593.64522997494,0,0.0,False,0.0,
GAMM,2024-05-24,9593.64522997494,0,0.0,False,0.0,
GAMM,2024-05-27,9593.64522997494,0,0.0,False,0.0,
GAMM,2024-05-28,9593.64522997494,0,0.0,False,0.0,
GAMM,2024-05-29,9593.64522997494,0,0.0,False,0.0,
GAMM,2024-05-30,9593.64522997494,0,0.0,False,0.0,
GAMM,2024-05-31,9593.64522997494,0,0.0,False,0.0,
GAMM,2024-06-03,9593.64522997494,0,0.0,False,0.0,
GAMM,2024-06-04,9500.822288872147,1,1.0,False,-0.009922572489699953,
GAMM,2024-06-05,9393.020534217832,0,1.0,False,-0.011411434454853332,
GAMM,2024-06-06,9431.860872291814,0,1.0,False,0.004126495391876359,
GAMM,2024-06-07,9412.83703323517,0,1.0,False,-0.0020190130523116104,
GAMM,2024-06-10,9455.640671112618,0,1.0,False,0.004537060379103866,
GAMM,2024-06-11,9508.748888479082,0,1.0,False,0.005600850586953949,
GAMM,2024-06-12,9390.642554335753,0,1.0,False,-0.012498589914140563,
GAMM,2024-06-13,9278.084839917277,0,0.0,False,-0.012058570029747931,
GAMM,2024-06-14,9248.75642137162,0,1.0,False,-0.003166048937398946,
GAMM,2024-06-17,9148.088606363544,0,1.0,False,-0.010944139567207483,
GAMM,2024-06-18,9036.323551905763,0,0.0,False,-0.012292557037817904,
GAMM,2024-06-19,9210.70874325833,0,0.0,False,0.019114396023315234,
GAMM,2024-06-20,9031.567592141602,0,0.0,False,-0.019640850365561326,
GAMM,2024-06-21,9251.134401253697,0,0.0,False,0.02402023137201278,
GAMM,2024-06-24,9274.12154011381,0,0.0,False,0.0024817093734940832,
GAMM,2024-06-25,9378.752654925349,0,0.0,False,0.011218883604788024,
GAMM,2024-06-26,9471.493870326487,0,0.0,False,0.00983986745911814,
GAMM,2024-06-27,9538.869966985436,0,1.0,False,0.007088383930543453,
GAMM,2024-06-28,9743.376236844355,0,0.0,False,0.021212667470078165,
GAMM,2024-07-01,9624.477242740331,0,0.0,False,-0.012278127559995945,
GAMM,2024-07-02,9607.831383565768,0,1.0,False,-0.0017310312198673275,
GAMM,2024-07-03,9507.163568557695,0,0.0,False,-0.01053296074205703,
GAMM,2024-07-04,9311.376558266404,0,0.0,False,-0.02080863590456909,
GAMM,2024-07-05,9241.622481725377,0,1.0,False,-0.007519474890594608,
GAMM,2024-07-08,9456.433331073311,0,0.0,False,0.0229778221586702,
GAMM,2024-07-09,9430.275552370427,0,0.0,False,-0.0027699686154356693,
GAMM,2024-07-10,9656.18364116807,0,0.0,False,0.023673184919903847,
GAMM,2024-07-11,9881.299070005021,0,0.0,False,0.023045485972365956,
GAMM,2024-07-12,10239.58137223848,0,0.0,False,0.035616749223622346,
GAMM,2024-07-15,10482.927980171378,0,0.0,False,0.023487290134081972,
GAMM,2024-07-16,10778.590145510048,0,0.0,False,0.027813745359904708,
GAMM,2024-07-17,10842.002942365529,0,0.0,False,0.005865979571636493,
GAMM,2024-07-18,10864.197421264947,0,0.0,False,0.0020449904877276478,
GAMM,2024-07-19,10908.586379063783,0,0.0,False,0.0040774776166563,
GAMM,2024-07-22,10911.757018906555,0,1.0,False,0.0002906131958842243,
GAMM,2024-07-23,10900.845261887649,2,2.0,False,-0.0012005003335835345,
GAMM,2024-07-24,10900.845261887649,0,2.0,False,0.0,
GAMM,2024-07-25,10900.845261887649,0,2.0,False,0.0,
GAMM,2024-07-26,10900.845261887649,0,2.0,False,0.0,
GAMM,2024-07-29,10900.845261887649,0,2.0,False,0.0,
GAMM,2024-07-30,10900.845261887649,0,2.0,False,0.0,
GAMM,2024-07-31,10900.845261887649,0,2.0,False,0.0,
GAMM,2024-08-01,10900.845261887649,0,2.0,False,0.0,
GAMM,2024-08-02,10900.845261887649,0,2.0,False,0.0,
GAMM,2024-08-05,10900.845261887649,0,2.0,False,0.0,
GAMM,2024-08-06,10900.845261887649,0,2.0,False,0.0,
GAMM,2024-08-07,10900.845261887649,0,2.0,False,0.0,
GAMM,2024-08-08,10900.845261887649,0,0.0,False,0.0,
GAMM,2024-08-09,10900.845261887649,0,2.0,False,0.0,
GAMM,2024-08-12,10900.845261887649,0,2.0,False,0.0,
GAMM,2024-08-13,10900.845261887649,0,2.0,False,0.0,
GAMM,2024-08-14,10900.845261887649,0,2.0,False,0.0,
GAMM,2024-08-15,10900.845261887649,0,2.0,False,0.0,
GAMM,2024-08-16,10900.845261887649,0,2.0,False,0.0,
GAMM,2024-08-19,10900.845261887649,0,2.0,False,0.0,
GAMM,2024-08-20,10900.845261887649,0,2.0,False,0.0,
GAMM,2024-08-21,10900.845261887649,0,2.0,False,0.0,
GAMM,2024-08-22,10900.845261887649,0,2.0,False,0.0,
GAMM,2024-08-23,10900.845261887649,0,2.0,False,0.0,
GAMM,2024-08-26,10900.845261887649,0,2.0,False,0.0,
GAMM,2024-08-27,10900.845261887649,0,2.0,False,0.0,
GAMM,2024-08-28,10900.845261887649,0,2.0,False,0.0,
GAMM,2024-08-29,10900.845261887649,0,2.0,False,0.0,
GAMM,2024-08-30,10900.845261887649,0,2.0,False,0.0,
GAMM,2024-09-02,10900.845261887649,0,0.0,False,0.0,
GAMM,2024-09-03,10900.845261887649,0,2.0,False,0.0,
GAMM,2024-09-04,10900.845261887649,0,2.0,False,0.0,
GAMM,2024-09-05,10900.845261887649,0,2.0,False,0.0,
GAMM,2024-09-06,10900.845261887649,0,2.0,False,0.0,
GAMM,2024-09-09,10900.845261887649,0,2.0,False,0.0,
GAMM,2024-09-10,10900.845261887649,0,2.0,False,0.0,
GAMM,2024-09-11,10900.845261887649,0,2.0,False,0.0,
GAMM,2024-09-12,10900.845261887649,0,2.0,False,0.0,
GAMM,2024-09-13,10900.845261887649,0,2.0,False,0.0,
GAMM,2024-09-16,10900.845261887649,0,2.0,False,0.0,
GAMM,2024-09-17,10900.845261887649,0,2.0,False,0.0,
GAMM,2024-09-18,10900.845261887649,0,2.0,False,0.0,
GAMM,2024-09-19,10900.845261887649,0,2.0,False,0.0,
GAMM,2024-09-20,10900.845261887649,0,2.0,False,0.0,
GAMM,2024-09-23,10900.845261887649,0,2.0,False,0.0,
GAMM,2024-09-24,10900.845261887649,0,2.0,False,0.0,
GAMM,2024-09-25,10900.845261887649,0,2.0,False,0.0,
GAMM,2024-09-26,10900.845261887649,0,2.0,False,0.0,
GAMM,2024-09-27,10900.845261887649,0,2.0,False,0.0,
GAMM,2024-09-30,10900.845261887649,0,0.0,False,0.0,
GAMM,2024-10-01,10900.845261887649,0,2.0,False,0.0,
GAMM,2024-10-02,10900.845261887649,0,2.0,False,0.0,
GAMM,2024-10-03,10900.845261887649,0,0.0,False,0.0,
GAMM,2024-10-04,10900.845261887649,0,2.0,False,0.0,
GAMM,2024-10-07,10900.845261887649,0,2.0,False,0.0,
GAMM,2024-10-08,10900.845261887649,0,2.0,False,0.0,
GAMM,2024-10-09,10900.845261887649,0,2.0,False,0.0,
GAMM,2024-10-10,10900.845261887649,0,2.0,False,0.0,
GAMM,2024-10-11,10900.845261887649,0,2.0,False,0.0,
GAMM,2024-10-14,10900.845261887649,0,2.0,False,0.0,
GAMM,2024-10-15,10900.845261887649,0,0.0,False,0.0,
GAMM,2024-10-16,10900.845261887649,0,2.0,False,0.0,
GAMM,2024-10-17,10900.845261887649,0,2.0,False,0.0,
GAMM,2024-10-18,10900.845261887649,0,2.0,False,0.0,
GAMM,2024-10-21,10900.845261887649,0,2.0,False,0.0,
GAMM,2024-10-22,10900.845261887649,0,2.0,False,0.0,
GAMM,2024-10-23,10900.845261887649,0,2.0,False,0.0,
GAMM,2024-10-24,10900.845261887649,0,2.0,False,0.0,
GAMM,2024-10-25,10900.845261887649,0,0.0,False,0.0,
GAMM,2024-10-28,10900.845261887649,0,2.0,False,0.0,
GAMM,2024-10-29,10900.845261887649,0,2.0,False,0.0,
GAMM,2024-10-30,10900.845261887649,0,2.0,False,0.0,
GAMM,2024-10-31,10900.845261887649,0,2.0,False,0.0,
GAMM,2024-11-01,10900.845261887649,0,2.0,False,0.0,
GAMM,2024-11-04,10900.845261887649,0,2.0,False,0.0,
GAMM,2024-11-05,10900.845261887649,0,0.0,False,0.0,
GAMM,2024-11-06,10900.845261887649,0,2.0,False,0.0,
GAMM,2024-11-07,10900.845261887649,0,2.0,False,0.0,
GAMM,2024-11-08,10900.845261887649,0,2.0,False,0.0,
GAMM,2024-11-11,10900.845261887649,0,2.0,False,0.0,
GAMM,2024-11-12,10900.845261887649,0,2.0,False,0.0,
GAMM,2024-11-13,10900.845261887649,0,0.0,False,0.0,
GAMM,2024-11-14,10841.196591762315,1,1.0,False,-0.005686956577379561,
GAMM,2024-11-15,10778.064162840803,0,0.0,False,-0.0058404039891672655,
GAMM,2024-11-18,10949.880266867702,0,1.0,False,0.015815549045986917,
GAMM,2024-11-19,11045.777627254807,0,0.0,False,0.008719718088495197,
GAMM,2024-11-20,10819.619685675214,0,0.0,False,-0.020687116156228893,
GAMM,2024-11-21,10575.081416688097,0,0.0,False,-0.02286069972206118,
GAMM,2024-11-22,10564.50633527141,2,2.0,False,-0.0012005003335835345,
GAMM,2024-11-25,10564.50633527141,0,0.0,False,0.0,
GAMM,2024-11-26,10564.50633527141,0,0.0,False,0.0,
GAMM,2024-11-27,10564.50633527141,0,0.0,False,0.0,
GAMM,2024-11-28,10564.50633527141,0,0.0,False,0.0,
GAMM,2024-11-29,10564.50633527141,0,0.0,False,0.0,
GAMM,2024-12-02,10564.50633527141,0,0.0,False,0.0,
GAMM,2024-12-03,10564.50633527141,0,0.0,False,0.0,
GAMM,2024-12-04,10564.50633527141,0,0.0,False,0.0,
GAMM,2024-12-05,10564.50633527141,0,0.0,False,0.0,
GAMM,2024-12-06,10564.50633527141,0,0.0,False,0.0,
GAMM,2024-12-09,10564.50633527141,0,0.0,False,0.0,
GAMM,2024-12-10,10564.50633527141,0,0.0,False,0.0,
GAMM,2024-12-11,10564.50633527141,0,0.0,False,0.0,
GAMM,2024-12-12,10564.50633527141,0,0.0,False,0.0,
GAMM,2024-12-13,10564.50633527141,0,0.0,False,0.0,
GAMM,2024-12-16,10564.50633527141,0,0.0,False,0.0,
GAMM,2024-12-17,10564.50633527141,0,0.0,False,0.0,
GAMM,2024-12-18,10564.50633527141,0,0.0,False,0.0,
GAMM,2024-12-19,10564.50633527141,0,0.0,False,0.0,
GAMM,2024-12-20,10564.50633527141,0,0.0,False,0.0,
GAMM,2024-12-23,10564.50633527141,0,0.0,False,0.0,
GAMM,2024-12-24,10564.50633527141,0,0.0,False,0.0,
GAMM,2024-12-25,10564.50633527141,0,0.0,False,0.0,
GAMM,2024-12-26,10564.50633527141,0,0.0,False,0.0,
GAMM,2024-12-27,10564.50633527141,0,0.0,False,0.0,
GAMM,2024-12-30,10564.50633527141,0,0.0,False,0.0,
GAMM,2024-12-31,10564.50633527141,0,0.0,False,0.0,
ALFA,2023-10-20,9971.472122406398,1,,,-0.003056864713997235,buy_and_hold
ALFA,2023-10-23,9993.087979598933,0,,,0.0021654236836269112,buy_and_hold
ALFA,2023-10-24,9754.92755303118,0,,,-0.024121104565980725,buy_and_hold
ALFA,2023-10-25,9626.004404775704,0,,,-0.013304318925389661,buy_and_hold
ALFA,2023-10-26,9639.514315521037,0,,,0.0014024966735617856,buy_and_hold
ALFA,2023-10-27,9604.774545033035,0,,,-0.0036104018678790872,buy_and_hold
ALFA,2023-10-30,9645.690274718905,0,,,0.004250888659719548,buy_and_hold
ALFA,2023-10-31,9515.995131563695,0,,,-0.013537131102455338,buy_and_hold
ALFA,2023-11-01,9605.932537382636,0,,,0.009406799416098146,buy_and_hold
ALFA,2023-11-02,9493.607279471425,0,,,-0.011762226106136458,buy_and_hold
ALFA,2023-11-03,9674.254086009041,0,,,0.01884948474517211,buy_and_hold
ALFA,2023-11-06,9470.833429929291,0,,,-0.02125122818052478,buy_and_hold
ALFA,2023-11-07,9344.61226382288,0,,,-0.013416961960834663,buy_and_hold
ALFA,2023-11-08,9387.457980758085,0,,,0.004574592246850578,buy_and_hold
ALFA,2023-11-09,9567.718789845832,0,,,0.019020265087113634,buy_and_hold
ALFA,2023-11-10,9579.6847107917,0,,,0.0012498741673479961,buy_and_hold
ALFA,2023-11-13,9641.444302770371,0,,,0.006426241088465485,buy_and_hold
ALFA,2023-11-14,9647.620261968239,0,,,0.0006403586226987053,buy_and_hold
ALFA,2023-11-15,9525.645067810363,0,,,-0.012723637587249878,buy_and_hold
ALFA,2023-11-16,9488.203315173292,0,,,-0.00393837168349775,buy_and_hold
ALFA,2023-11-17,9351.560217920482,0,,,-0.014506073084323884,buy_and_hold
ALFA,2023-11-20,9221.093079865537,0,,,-0.01404961176510304,buy_and_hold
ALFA,2023-11-21,9268.956763649008,0,,,0.005177248422759949,buy_and_hold
ALFA,2023-11-22,9152.385533789266,0,,,-0.012656274881337125,buy_and_hold
ALFA,2023-11-23,9191.371276225802,0,,,0.004250579806303381,buy_and_hold
ALFA,2023-11-24,9060.90413817086,0,,,-0.01429622961321132,buy_and_hold
ALFA,2023-11-27,9095.257911208993,0,,,0.0037842594643039996,buy_and_hold
ALFA,2023-11-28,9047.394227425524,0,,,-0.005276383459519195,buy_and_hold
ALFA,2023-11-29,9204.881186971137,0,,,0.017257121576368342,buy_and_hold
ALFA,2023-11-30,9239.234960009273,0,,,0.0037251785329815087,buy_and_hold
ALFA,2023-12-01,9381.282021560217,0,,,0.01525734406135031,buy_and_hold
ALFA,2023-12-04,9317.978439782079,0,,,-0.006770730184031597,buy_and_hold
ALFA,2023-12-05,9322.996406630346,0,,,0.000538380316567987,buy_and_hold
ALFA,2023-12-06,9218.39109771647,0,,,-0.011283558874760496,buy_and_hold
ALFA,2023-12-07,9185.195317027936,0,,,-0.0036075377855335627,buy_and_hold
ALFA,2023-12-08,9167.825431783933,0,,,-0.001892864468252966,buy_and_hold
ALFA,2023-12-11,9089.467949460994,0,,,-0.008583743691391442,buy_and_hold
ALFA,2023-12-12,8937.384954213514,0,,,-0.01687333938247832,buy_and_hold
ALFA,2023-12-13,8791.477918163902,0,,,-0.016460201807800286,buy_and_hold
ALFA,2023-12-14,8527.455662455082,0,,,-0.03049179793679517,buy_and_hold
ALFA,2023-12-15,8432.500289787875,0,,,-0.011197713617589714,buy_and_hold
ALFA,2023-12-18,8498.50585371508,0,,,0.007797043809684046,buy_and_hold
ALFA,2023-12-19,8344.878868668135,0,,,-0.018242324558708084,buy_and_hold
ALFA,2023-12-20,8202.059812217456,0,,,-0.017262722232732137,buy_and_hold
ALFA,2023-12-21,8367.266720760403,0,,,0.0199419551731913,buy_and_hold
ALFA,2023-12-22,8306.665121131331,0,,,-0.007269055319202894,buy_and_hold
ALFA,2023-12-25,8339.860901819868,0,,,0.003988318601209678,buy_and_hold
ALFA,2023-12-26,8401.234496348672,0,,,0.00733212110946761,buy_and_hold
ALFA,2023-12-27,8469.942042424944,0,,,0.008145007049471487,buy_and_hold
ALFA,2023-12-28,8339.088906920133,0,,,-0.015569699323087868,buy_and_hold
ALFA,2023-12-29,8324.035006375332,0,,,-0.001806852630838152,buy_and_hold
ALFA,2024-01-01,8171.952011127854,0,,,-0.01843930941300345,buy_and_hold
ALFA,2024-01-02,8419.762373942274,0,,,0.029873801649226494,buy_and_hold
ALFA,2024-01-03,8271.925350643329,0,,,-0.01771431285054386,buy_and_hold
ALFA,2024-01-04,8167.320041729454,0,,,-0.012726462591333847,buy_and_hold
ALFA,2024-01-05,8050.74881186971,0,,,-0.014375723579653976,buy_and_hold
ALFA,2024-01-08,7905.613770719832,0,,,-0.018191996210244945,buy_and_hold
ALFA,2024-01-09,8041.484873072911,0,,,0.01704064084199197,buy_and_hold
ALFA,2024-01-10,8268.837371044396,0,,,0.027880163396193106,buy_and_hold
ALFA,2024-01-11,8221.745682160657,0,,,-0.005711358627058676,buy_and_hold
ALFA,2024-01-12,8087.03257215718,0,,,-0.01652069478950425,buy_and_hold
ALFA,2024-01-15,7882.839921177698,0,,,-0.025573626792528812,buy_and_hold
ALFA,2024-01-16,7866.628028283297,0,,,-0.0020587233387674257,buy_and_hold
ALFA,2024-01-17,7842.696186391561,0,,,-0.003046835125225565,buy_and_hold
ALFA,2024-01-18,7787.498551060623,0,,,-0.0070629785133407615,buy_and_hold
ALFA,2024-01-19,7809.114408253158,0,,,0.0027718673392642355,buy_and_hold
ALFA,2024-01-22,7848.872145589428,0,,,0.005078280357692556,buy_and_hold
ALFA,2024-01-23,7871.259997681696,0,,,0.002848305220844944,buy_and_hold
ALFA,2024-01-24,7826.098296047293,0,,,-0.00575406707233768,buy_and_hold
ALFA,2024-01-25,7724.966964182217,0,,,-0.013006537605988624,buy_and_hold
ALFA,2024-01-26,7790.20053320969,0,,,0.00840905564684902,buy_and_hold
ALFA,2024-01-29,7801.780456705691,0,,,0.001485369387325091,buy_and_hold
ALFA,2024-01-30,7897.8938217224995,0,,,0.012244147754760239,buy_and_hold
ALFA,2024-01-31,7985.901240292105,0,,,0.01108152287718384,buy_and_hold
ALFA,2024-02-01,7843.082183841428,0,,,-0.018045749160729794,buy_and_hold
ALFA,2024-02-02,7706.439086588617,0,,,-0.01757566838569161,buy_and_hold
ALFA,2024-02-05,7641.591515011011,0,,,-0.008450329445790432,buy_and_hold
ALFA,2024-02-06,7564.392025037672,0,,,-0.010153917772477136,buy_and_hold
ALFA,2024-02-07,7644.679494609945,0,,,0.010557937776962857,buy_and_hold
ALFA,2024-02-08,7685.209226845948,0,,,0.005287687002224892,buy_and_hold
ALFA,2024-02-09,7784.024574011823,0,,,0.012775899894918633,buy_and_hold
ALFA,2024-02-12,7814.904370001159,0,,,0.0039592252055365125,buy_and_hold
ALFA,2024-02-13,7840.766199142227,0,,,0.0033038319950580803,buy_and_hold
ALFA,2024-02-14,7946.143502955836,0,,,0.013350157932749704,buy_and_hold
ALFA,2024-02-15,7989.761214790773,0,,,0.0054741568212858405,buy_and_hold
ALFA,2024-02-16,7995.93717398864,0,,,0.0007726856037116336,buy_and_hold
ALFA,2024-02-19,8151.108148835052,0,,,0.01922032776473907,buy_and_hold
ALFA,2024-02-20,8160.372087631853,0,,,0.001135879718890927,buy_and_hold
ALFA,2024-02-21,8112.508403848382,0,,,-0.005882648967719968,buy_and_hold
ALFA,2024-02-22,8035.69491132491,0,,,-0.00951363695199841,buy_and_hold
ALFA,2024-02-23,8098.998493103048,0,,,0.007846930216017069,buy_and_hold
ALFA,2024-02-26,8220.587689811058,0,,,0.014901290416064786,buy_and_hold
ALFA,2024-02-27,8215.955720412658,0,,,-0.0005636184452429016,buy_and_hold
ALFA,2024-02-28,8344.1068737684,0,,,0.015477442895799881,buy_and_hold
ALFA,2024-02-29,8154.196128433986,0,,,-0.023022868932678103,buy_and_hold
ALFA,2024-03-01,8137.984235539585,0,,,-0.0019901447053811603,buy_and_hold
ALFA,2024-03-04,8131.036281441984,0,,,-0.0008541331068765168,buy_and_hold
ALFA,2024-03-05,8066.574707314245,0,,,-0.007959434819060845,buy_and_hold
ALFA,2024-03-06,8293.541207835864,0,,,0.027748099632431647,buy_and_hold
ALFA,2024-03-07,8275.399327692128,0,,,-0.0021898669205565077,buy_and_hold
ALFA,2024-03-08,8241.431552103859,0,,,-0.004113116338550601,buy_and_hold
ALFA,2024-03-11,8254.169467949461,0,,,0.0015444018513742074,buy_and_hold
ALFA,2024-03-12,8056.924771067577,0,,,-0.024186521072848768,buy_and_hold
ALFA,2024-03-13,7969.303349947838,0,,,-0.010934861720370889,buy_and_hold
ALFA,2024-03-14,8070.048684363045,0,,,0.012562435081092964,buy_and_hold
ALFA,2024-03-15,7997.481163788107,0,,,-0.009032877446145927,buy_and_hold
ALFA,2024-03-18,7921.439666164367,0,,,-0.009553672238328207,buy_and_hold
ALFA,2024-03-19,8040.326880723311,0,,,0.014896773832863374,buy_and_hold
ALFA,2024-03-20,8161.9160774313195,0,,,0.015009215651571123,buy_and_hold
ALFA,2024-03-21,8210.165758664656,0,,,0.005894158287693857,buy_and_hold
ALFA,2024-03-22,8165.39005448012,0,,,-0.005468616306284637,buy_and_hold
ALFA,2024-03-25,8137.984235539585,0,,,-0.00336198436800469,buy_and_hold
ALFA,2024-03-26,8065.416714964645,0,,,-0.00895713263797782,buy_and_hold
ALFA,2024-03-27,7966.60136779877,0,,,-0.012327406072640155,buy_and_hold
ALFA,2024-03-28,7875.5059696302305,0,,,-0.011500540965627101,buy_and_hold
ALFA,2024-03-29,7820.69433174916,0,,,-0.006984092917597157,buy_and_hold
ALFA,2024-04-01,7719.177002434217,0,,,-0.013065587390356752,buy_and_hold
ALFA,2024-04-02,7569.409991885938,0,,,-0.019592628345402742,buy_and_hold
ALFA,2024-04-03,7578.287933232874,0,,,0.0011721837083573724,buy_and_hold
ALFA,2024-04-04,7602.991770024341,0,,,0.0032545159669454217,buy_and_hold
ALFA,2024-04-05,7756.618755071287,0,,,0.020004688017606853,buy_and_hold
ALFA,2024-04-08,7677.875275298481,0,,,-0.010203659778240651,buy_and_hold
ALFA,2024-04-09,7702.57911208995,0,,,0.0032123703777737103,buy_and_hold
ALFA,2024-04-10,7725.738959081952,0,,,0.0030022539438397115,buy_and_hold
ALFA,2024-04-11,7714.9310304856845,0,,,-0.0013999302321323253,buy_and_hold
ALFA,2024-04-12,7772.444650515822,0,,,0.00742719562061014,buy_and_hold
ALFA,2024-04-15,7835.362234844094,0,,,0.008062365917616108,buy_and_hold
ALFA,2024-04-16,7875.5059696302305,0,,,0.005110325110980466,buy_and_hold
ALFA,2024-04-17,7862.768053784629,0,,,-0.0016187186228969256,buy_and_hold
ALFA,2024-04-18,7825.7122985974265,0,,,-0.0047239532785065385,buy_and_hold
ALFA,2024-04-19,7694.859163092616,0,,,-0.01686229612688964,buy_and_hold
ALFA,2024-04-22,7626.923611916077,0,,,-0.008867897081637922,buy_and_hold
ALFA,2024-04-23,7554.742088791005,0,,,-0.009509110324803196,buy_and_hold
ALFA,2024-04-24,7441.258838530195,0,,,-0.015135424065100803,buy_and_hold
ALFA,2024-04-25,7480.2445809667315,0,,,0.005225456182335997,buy_and_hold
ALFA,2024-04-26,7600.289787875275,0,,,0.015920887106921917,buy_and_hold
ALFA,2024-04-29,7515.756346354468,0,,,-0.011184713517550106,buy_and_hold
ALFA,2024-04-30,7543.548162744871,0,,,0.003690986914455699,buy_and_hold
ALFA,2024-05-01,7459.786716123796,0,,,-0.011165826470823061,buy_and_hold
ALFA,2024-05-02,7448.978787527529,0,,,-0.0014498759789247492,buy_and_hold
ALFA,2024-05-03,7384.131215949925,0,,,-0.008743680146030346,buy_and_hold
ALFA,2024-05-06,7438.942853830995,0,,,0.00739548186040852,buy_and_hold
ALFA,2024-05-07,7392.623159846992,0,,,-0.00624611649695282,buy_and_hold
ALFA,2024-05-08,7472.910629419264,0,,,0.010801933032813458,buy_and_hold
ALFA,2024-05-09,7459.40071867393,0,,,-0.0018094873749452999,buy_and_hold
ALFA,2024-05-10,7394.939144546192,0,,,-0.008679211512785594,buy_and_hold
ALFA,2024-05-13,7285.701866233916,0,,,-0.014882087825611737,buy_and_hold
ALFA,2024-05-14,7307.317723426451,0,,,0.002962494892684589,buy_and_hold
ALFA,2024-05-15,7380.271241451257,0,,,0.009934117595482267,buy_and_hold
ALFA,2024-05-16,7398.799119044859,0,,,0.0025073143097837673,buy_and_hold
ALFA,2024-05-17,7600.675785325141,0,,,0.02691945662999422,buy_and_hold
ALFA,2024-05-20,7739.2488698272855,0,,,0.01806747518954507,buy_and_hold
ALFA,2024-05-21,7711.071055987018,0,,,-0.0036475419559830412,buy_and_hold
ALFA,2024-05-22,7683.279239596615,0,,,-0.00361065534431455,buy_and_hold
ALFA,2024-05-23,7731.914918279819,0,,,0.0063101170915608575,buy_and_hold
ALFA,2024-05-24,7648.153471658745,0,,,-0.010892314993003058,buy_and_hold
ALFA,2024-05-27,7761.6367219195545,0,,,0.014728987279490308,buy_and_hold
ALFA,2024-05-28,7802.552451605424,0,,,0.005257687822142012,buy_and_hold
ALFA,2024-05-29,7847.328155789962,0,,,0.005722193987784644,buy_and_hold
ALFA,2024-05-30,7910.245740118233,0,,,0.007985736777566662,buy_and_hold
ALFA,2024-05-31,8071.592674162513,0,,,0.020191971886840795,buy_and_hold
ALFA,2024-06-03,8095.524516054247,0,,,0.0029605598932949764,buy_and_hold
ALFA,2024-06-04,8092.050539005447,0,,,-0.0004292152580379535,buy_and_hold
ALFA,2024-06-05,8235.641590355859,0,,,0.017589105939793407,buy_and_hold
ALFA,2024-06-06,8329.0529732236,0,,,0.011278490249435074,buy_and_hold
ALFA,2024-06-07,8302.805146632663,0,,,-0.0031563338495096717,buy_and_hold
ALFA,2024-06-10,8297.787179784396,0,,,-0.0006045527656400642,buy_and_hold
ALFA,2024-06-11,8315.157065028397,0,,,0.002091127414579838,buy_and_hold
ALFA,2024-06-12,8353.370812565201,0,,,0.004585145702907042,buy_and_hold
ALFA,2024-06-13,8226.763649008924,0,,,-0.015272448452383871,buy_and_hold
ALFA,2024-06-14,8070.820679262779,0,,,-0.01913752688981551,buy_and_hold
ALFA,2024-06-17,7971.619334647038,0,,,-0.012367521271883342,buy_and_hold
ALFA,2024-06-18,7866.242030833429,0,,,-0.013307208140128172,buy_and_hold
ALFA,2024-06-19,7796.762489857424,0,,,-0.008871860646021008,buy_and_hold
ALFA,2024-06-20,7847.714153239828,0,,,0.006513716590832068,buy_and_hold
ALFA,2024-06-21,7831.888257795294,0,,,-0.0020186609843622274,buy_and_hold
ALFA,2024-06-24,7842.310188941694,0,,,0.0013298201777500326,buy_and_hold
ALFA,2024-06-25,7723.036976932885,0,,,-0.015325780440155342,buy_and_hold
ALFA,2024-06-26,7675.945288049148,0,,,-0.006116227017436094,buy_and_hold
ALFA,2024-06-27,7727.668946331284,0,,,0.00671580732919246,buy_and_hold
ALFA,2024-06-28,7794.060507708356,0,,,0.008554712471728256,buy_and_hold
ALFA,2024-07-01,7732.300915729685,0,,,-0.007955491441114628,buy_and_hold
ALFA,2024-07-02,7748.512808624087,0,,,0.002094450473920677,buy_and_hold
ALFA,2024-07-03,7950.775472354236,0,,,0.025768538312001318,buy_and_hold
ALFA,2024-07-04,7946.915497855569,0,,,-0.00048560191310184197,buy_and_hold
ALFA,2024-07-05,7884.383910977163,0,,,-0.007899782634600946,buy_and_hold
ALFA,2024-07-08,7873.575982380897,0,,,-0.0013717423275806592,buy_and_hold
ALFA,2024-07-09,7876.663961979831,0,,,0.0003921184247869561,buy_and_hold
ALFA,2024-07-10,7863.926046134229,0,,,-0.0016184804533494201,buy_and_hold
ALFA,2024-07-11,7846.9421583400945,0,,,-0.0021620567608369467,buy_and_hold
ALFA,2024-07-12,7713.773038136084,0,,,-0.01711648465570512,buy_and_hold
ALFA,2024-07-15,7631.16958386461,0,,,-0.010766316200696404,buy_and_hold
ALFA,2024-07-16,7616.887678219543,0,,,-0.0018732759952366418,buy_and_hold
ALFA,2024-07-17,7616.115683319809,0,,,-0.00010135819996522964,buy_and_hold
ALFA,2024-07-18,7558.988060739539,0,,,-0.0075291600526242045,buy_and_hold
ALFA,2024-07-19,7545.478149994204,0,,,-0.0017888635267910282,buy_and_hold
ALFA,2024-07-22,7552.040106641938,0,,,0.0008692762544674988,buy_and_hold
ALFA,2024-07-23,7633.099571113944,0,,,0.010676257991341634,buy_and_hold
ALFA,2024-07-24,7624.22162976701,0,,,-0.0011637616108391925,buy_and_hold
ALFA,2024-07-25,7662.82137475368,0,,,0.005050005682316084,buy_and_hold
ALFA,2024-07-26,7620.3616552683425,0,,,-0.00555641172949826,buy_and_hold
ALFA,2024-07-29,7684.051234496348,0,,,0.008323082676100156,buy_and_hold
ALFA,2024-07-30,7719.562999884085,0,,,0.004610843632153006,buy_and_hold
ALFA,2024-07-31,7807.184421003824,0,,,0.011286633176029197,buy_and_hold
ALFA,2024-08-01,7869.71600788223,0,,,0.007977586997816673,buy_and_hold
ALFA,2024-08-02,7932.2475947606345,0,,,0.007914448464448323,buy_and_hold
ALFA,2024-08-05,7918.351686565433,0,,,-0.0017533610570244732,buy_and_hold
ALFA,2024-08-06,7951.161469804103,0,,,0.004134951042712858,buy_and_hold
ALFA,2024-08-07,8072.364669062245,0,,,0.015128444244439312,buy_and_hold
ALFA,2024-08-08,8010.6050770835745,0,,,-0.007680160632848009,buy_and_hold
ALFA,2024-08-09,7936.107569259301,0,,,-0.009343373952558963,buy_and_hold
ALFA,2024-08-12,7951.161469804103,0,,,0.0018950903409676238,buy_and_hold
ALFA,2024-08-13,8002.499130636374,0,,,0.006435869399528157,buy_and_hold
ALFA,2024-08-14,7929.545612611568,0,,,-0.009158150017086086,buy_and_hold
ALFA,2024-08-15,7926.071635562767,0,,,-0.00043820143360112304,buy_and_hold
ALFA,2024-08-16,7926.843630462501,0,,,9.739469206624357e-05,buy_and_hold
ALFA,2024-08-19,7721.492987133417,0,,,-0.02624719001218217,buy_and_hold
ALFA,2024-08-20,7711.457053436884,0,,,-0.001300585446699085,buy_and_hold
ALFA,2024-08-21,7705.281094239017,0,,,-0.0008012018455632741,buy_and_hold
ALFA,2024-08-22,7703.351106989683,0,,,-0.0002505072785465322,buy_and_hold
ALFA,2024-08-23,7838.450214443027,0,,,0.01738569520873211,buy_and_hold
ALFA,2024-08-26,7732.300915729685,0,,,-0.013634659276892358,buy_and_hold
ALFA,2024-08-27,7654.715428306479,0,,,-0.010084625013995116,buy_and_hold
ALFA,2024-08-28,7411.537034890459,0,,,-0.03228400889291345,buy_and_hold
ALFA,2024-08-29,7382.201228700591,0,,,-0.0039659812981798015,buy_and_hold
ALFA,2024-08-30,7350.1634403616545,0,,,-0.004349313849099939,buy_and_hold
ALFA,2024-09-02,7311.949692824852,0,,,-0.0052125957173578905,buy_and_hold
ALFA,2024-09-03,7411.151037440593,0,,,0.013475808887594188,buy_and_hold
ALFA,2024-09-04,7484.876550365132,0,,,0.009898761866744918,buy_and_hold
ALFA,2024-09-05,7492.982496812333,0,,,0.001082390642488883,buy_and_hold
ALFA,2024-09-06,7470.980642169931,0,,,-0.002940647513358271,buy_and_hold
ALFA,2024-09-09,7568.251999536338,0,,,0.012935861303673293,buy_and_hold
ALFA,2024-09-10,7555.128086240871,0,,,-0.0017355798128979444,buy_and_hold
ALFA,2024-09-11,7480.2445809667315,0,,,-0.009961059976274493,buy_and_hold
ALFA,2024-09-12,7340.127506665121,0,,,-0.018909275486219516,buy_and_hold
ALFA,2024-09-13,7301.141764228584,0,,,-0.0053254719729001875,buy_and_hold
ALFA,2024-09-16,7355.567404659789,0,,,0.007426754527951692,buy_and_hold
ALFA,2024-09-17,7570.953981685405,0,,,0.028861584357184167,buy_and_hold
ALFA,2024-09-18,7582.533905181406,0,,,0.001528351206869576,buy_and_hold
ALFA,2024-09-19,7513.8263591051345,0,,,-0.009102594172696238,buy_and_hold
ALFA,2024-09-20,7405.361075692592,0,,,-0.014540630305386252,buy_and_hold
ALFA,2024-09-23,7463.260693172597,0,,,0.007788201360344651,buy_and_hold
ALFA,2024-09-24,7302.299756578184,0,,,-0.02180307526828158,buy_and_hold
ALFA,2024-09-25,7359.813376608322,0,,,0.007845242291328791,buy_and_hold
ALFA,2024-09-26,7437.012866581661,0,,,0.010434695816315388,buy_and_hold
ALFA,2024-09-27,7478.700591167265,0,,,0.005589787340787637,buy_and_hold
ALFA,2024-09-30,7460.9447084733965,0,,,-0.0023770164147957217,buy_and_hold
ALFA,2024-10-01,7511.510374405934,0,,,0.006754517933243934,buy_and_hold
ALFA,2024-10-02,7535.828213747536,0,,,0.003232180942806094,buy_and_hold
ALFA,2024-10-03,7460.172713573664,0,,,-0.01009017569733446,buy_and_hold
ALFA,2024-10-04,7615.3436884200755,0,,,0.02058655250950154,buy_and_hold
ALFA,2024-10-07,7588.709864379273,0,,,-0.0035035197938118857,buy_and_hold
ALFA,2024-10-08,7665.13735945288,0,,,0.010020833892382003,buy_and_hold
ALFA,2024-10-09,7447.434797728062,0,,,-0.028812781863040676,buy_and_hold
ALFA,2024-10-10,7565.550017387272,0,,,0.015735399488109803,buy_and_hold
ALFA,2024-10-11,7697.561145241682,0,,,0.017298494170129568,buy_and_hold
ALFA,2024-10-14,7707.21108148835,0,,,0.0012528503981594497,buy_and_hold
ALFA,2024-10-15,7759.706734670221,0,,,0.006788146854382879,buy_and_hold
ALFA,2024-10-16,7809.500405703025,0,,,0.006396451708520591,buy_and_hold
ALFA,2024-10-17,7748.126811174219,0,,,-0.007889880898874458,buy_and_hold
ALFA,2024-10-18,7814.904370001159,0,,,0.00858161470777059,buy_and_hold
ALFA,2024-10-21,7727.282948881418,0,,,-0.011275420586980828,buy_and_hold
ALFA,2024-10-22,7675.945288049148,0,,,-0.006665856031697147,buy_and_hold
ALFA,2024-10-23,7768.584676017154,0,,,0.011996544953259558,buy_and_hold
ALFA,2024-10-24,7859.680074185696,0,,,0.011657907173862676,buy_and_hold
ALFA,2024-10-25,7790.972528109423,0,,,-0.008780207346247477,buy_and_hold
ALFA,2024-10-28,7707.983076388084,0,,,-0.010709140277502027,buy_and_hold
ALFA,2024-10-29,7652.399443607279,0,,,-0.007237303540342875,buy_and_hold
ALFA,2024-10-30,7718.019010084617,0,,,0.008538474777869846,buy_and_hold
ALFA,2024-10-31,7610.711719021675,0,,,-0.014001034514650948,buy_and_hold
ALFA,2024-11-01,7649.697461458212,0,,,0.005109407852576969,buy_and_hold
ALFA,2024-11-04,7729.2129361307525,0,,,0.010340938492765628,buy_and_hold
ALFA,2024-11-05,7732.300915729685,0,,,0.00039944078821464447,buy_and_hold
ALFA,2024-11-06,7829.186275646227,0,,,0.012452101858962701,buy_and_hold
ALFA,2024-11-07,7801.780456705691,0,,,-0.0035066093469884874,buy_and_hold
ALFA,2024-11-08,7792.51651790889,0,,,-0.0011881189516461993,buy_and_hold
ALFA,2024-11-11,7714.159035585951,0,,,-0.010106376314729099,buy_and_hold
ALFA,2024-11-12,7817.606352150226,0,,,0.01332093856455618,buy_and_hold
ALFA,2024-11-13,7739.634867277152,0,,,-0.010023902907276314,buy_and_hold
ALFA,2024-11-14,7774.374637765155,0,,,0.004478510670177308,buy_and_hold
ALFA,2024-11-15,7772.058653065955,0,,,-0.0002979441873267755,buy_and_hold
ALFA,2024-11-18,7661.277384954213,0,,,-0.014356347913917605,buy_and_hold
ALFA,2024-11-19,7609.553726672075,0,,,-0.006774203146252701,buy_and_hold
ALFA,2024-11-20,7753.5307754723535,0,,,0.018743796409164074,buy_and_hold
ALFA,2024-11-21,7778.234612263822,0,,,0.0031810753004259096,buy_and_hold
ALFA,2024-11-22,7696.017155442216,0,,,-0.010626456352324844,buy_and_hold
ALFA,2024-11-25,7726.510953981684,0,,,0.003954453908056629,buy_and_hold
ALFA,2024-11-26,7713.387040686218,0,,,-0.0017000004094166854,buy_and_hold
ALFA,2024-11-27,8037.238901124377,0,,,0.04112820795340902,buy_and_hold
ALFA,2024-11-28,8059.626753216646,0,,,0.0027816429618767705,buy_and_hold
ALFA,2024-11-29,8016.395038831575,0,,,-0.005378422492758504,buy_and_hold
ALFA,2024-12-02,8163.846064680653,0,,,0.018226564970607394,buy_and_hold
ALFA,2024-12-03,7995.551176538773,0,,,-0.02083010532559989,buy_and_hold
ALFA,2024-12-04,7998.25315868784,0,,,0.00033787860825844335,buy_and_hold
ALFA,2024-12-05,8198.199837718788,0,,,0.024691435511163998,buy_and_hold
ALFA,2024-12-06,8187.3919091225225,0,,,-0.0013191992490300976,buy_and_hold
ALFA,2024-12-09,8021.027008229976,0,,,-0.02052892936599801,buy_and_hold
ALFA,2024-12-10,7987.831227541439,0,,,-0.004147182488322541,buy_and_hold
ALFA,2024-12-11,8136.054248290251,0,,,0.018386039328986102,buy_and_hold
ALFA,2024-12-12,8174.653993276921,0,,,0.0047330644965178,buy_and_hold
ALFA,2024-12-13,8104.402457401182,0,,,-0.008630963618209423,buy_and_hold
ALFA,2024-12-16,8041.484873072911,0,,,-0.007793675443808541,buy_and_hold
ALFA,2024-12-17,7993.62118928944,0,,,-0.005969879556796615,buy_and_hold
ALFA,2024-12-18,8022.956995479309,0,,,0.0036631843151524574,buy_and_hold
ALFA,2024-12-19,8169.636026428654,0,,,0.018117301268286336,buy_and_hold
ALFA,2024-12-20,8277.715312391329,0,,,0.013142643995956604,buy_and_hold
ALFA,2024-12-23,8329.824968123334,0,,,0.006275441861144914,buy_and_hold
ALFA,2024-12-24,8185.075924423322,0,,,-0.017529956903434497,buy_and_hold
ALFA,2024-12-25,8049.59081952011,0,,,-0.016691226559152852,buy_and_hold
ALFA,2024-12-26,8111.736408948649,0,,,0.007690692089678636,buy_and_hold
ALFA,2024-12-27,7984.357250492639,0,,,-0.015827668543705237,buy_and_hold
ALFA,2024-12-30,7949.231482554769,0,,,-0.004409028678815751,buy_and_hold
ALFA,2024-12-31,7987.445230091573,0,,,0.004795707595132607,buy_and_hold
BETA,2023-10-20,9887.724570673712,1,,,-0.011491047574259651,buy_and_hold
BETA,2023-10-23,9790.397952443858,0,,,-0.009891940832840052,buy_and_hold
BETA,2023-10-24,9653.480845442537,0,,,-0.014083544903753601,buy_and_hold
BETA,2023-10-25,9782.1499339498,0,,,0.013240729851755957,buy_and_hold
BETA,2023-10-26,9749.15785997358,0,,,-0.0033783815916270834,buy_and_hold
BETA,2023-10-27,9790.397952443858,0,,,0.004221196643624561,buy_and_hold
BETA,2023-10-30,10022.992073976222,0,,,0.023479556671894962,buy_and_hold
BETA,2023-10-31,10034.5392998679,0,,,0.0011514106050418357,buy_and_hold
BETA,2023-11-01,10130.216314398942,0,,,0.009489600008693713,buy_and_hold
BETA,2023-11-02,10220.944517833554,0,,,0.008916327207360185,buy_and_hold
BETA,2023-11-03,10143.413143989432,0,,,-0.007614455583289526,buy_and_hold
BETA,2023-11-06,10268.783025099076,0,,,0.012283975379438681,buy_and_hold
BETA,2023-11-07,10163.208388375166,0,,,-0.010334340318337597,buy_and_hold
BETA,2023-11-08,10323.219947159841,0,,,0.015621543214256786,buy_and_hold
BETA,2023-11-09,10242.389365918098,0,,,-0.007860792863934658,buy_and_hold
BETA,2023-11-10,10158.259577278732,0,,,-0.008247802880447064,buy_and_hold
BETA,2023-11-13,10022.992073976222,0,,,-0.013405464768782212,buy_and_hold
BETA,2023-11-14,9917.417437252312,0,,,-0.01058911284279832,buy_and_hold
BETA,2023-11-15,9864.630118890356,0,,,-0.005336903928187718,buy_and_hold
BETA,2023-11-16,9595.744715984149,0,,,-0.02763590303391578,buy_and_hold
BETA,2023-11-17,9571.000660501983,0,,,-0.002581979229412143,buy_and_hold
BETA,2023-11-20,9526.461360634083,0,,,-0.004664429291355043,buy_and_hold
BETA,2023-11-21,9620.488771466315,0,,,0.009821738298499725,buy_and_hold
BETA,2023-11-22,9678.224900924703,0,,,0.005983435237365678,buy_and_hold
BETA,2023-11-23,9600.693527080582,0,,,-0.008043168200376195,buy_and_hold
BETA,2023-11-24,9561.103038309115,0,,,-0.004132237284910718,buy_and_hold
BETA,2023-11-27,9536.358982826949,0,,,-0.002591346358096911,buy_and_hold
BETA,2023-11-28,9712.866578599736,0,,,0.018339703326236134,buy_and_hold
BETA,2023-11-29,9622.138375165125,0,,,-0.009384933655074689,buy_and_hold
BETA,2023-11-30,9538.008586525759,0,,,-0.008781804177346189,buy_and_hold
BETA,2023-12-01,9414.288309114927,0,,,-0.01305615203958326,buy_and_hold
BETA,2023-12-04,9267.47357992074,0,,,-0.01571776287251911,buy_and_hold
BETA,2023-12-05,9300.465653896961,0,,,0.003553664009868926,buy_and_hold
BETA,2023-12-06,9328.50891677675,0,,,0.00301071687616287,buy_and_hold
BETA,2023-12-07,9485.221268163805,0,,,0.016659745241175486,buy_and_hold
BETA,2023-12-08,9615.53996036988,0,,,0.013645604254153523,buy_and_hold
BETA,2023-12-11,9894.322985468956,0,,,0.028580621263404556,buy_and_hold
BETA,2023-12-12,9864.630118890356,0,,,-0.003005512364277022,buy_and_hold
BETA,2023-12-13,9839.88606340819,0,,,-0.002511512412660875,buy_and_hold
BETA,2023-12-14,9666.677675033025,0,,,-0.017759451960958288,buy_and_hold
BETA,2023-12-15,9762.354689564068,0,,,0.009848950389096608,buy_and_hold
BETA,2023-12-18,9780.50033025099,0,,,0.0018570107472126892,buy_and_hold
BETA,2023-12-19,9867.929326287978,0,,,0.008899395482525657,buy_and_hold
BETA,2023-12-20,9726.063408190224,0,,,-0.0144808053207207,buy_and_hold
BETA,2023-12-21,9754.106671070014,0,,,0.002879161951657474,buy_and_hold
BETA,2023-12-22,9782.1499339498,0,,,0.0028708961709410755,buy_and_hold
BETA,2023-12-25,9798.645970937912,0,,,0.0016849203649196673,buy_and_hold
BETA,2023-12-26,9716.165785997358,0,,,-0.008453135711058128,buy_and_hold
BETA,2023-12-27,9856.3821003963,0,,,0.014328100154078887,buy_and_hold
BETA,2023-12-28,10126.917107001322,0,,,0.027077764627785095,buy_and_hold
BETA,2023-12-29,10001.547225891678,0,,,-0.012457135355765694,buy_and_hold
BETA,2024-01-01,10100.523447820342,0,,,0.009847445406223506,buy_and_hold
BETA,2024-01-02,9760.705085865258,0,,,-0.03422260880126024,buy_and_hold
BETA,2024-01-03,9854.73249669749,0,,,0.009587156099361067,buy_and_hold
BETA,2024-01-04,9633.685601056803,0,,,-0.02268592295378242,buy_and_hold
BETA,2024-01-05,9554.50462351387,0,,,-0.008253141756720414,buy_and_hold
BETA,2024-01-08,9404.390686922061,0,,,-0.015836057033970476,buy_and_hold
BETA,2024-01-09,9389.544253632761,0,,,-0.0015799178218388384,buy_and_hold
BETA,2024-01-10,9476.973249669749,0,,,0.009268231073113014,buy_and_hold
BETA,2024-01-11,9264.174372523117,0,,,-0.022710244577209077,buy_and_hold
BETA,2024-01-12,9219.635072655217,0,,,-0.004819286435948883,buy_and_hold
BETA,2024-01-15,9178.394980184941,0,,,-0.004483106226364454,buy_and_hold
BETA,2024-01-16,9359.851387054161,0,,,0.019577062325462993,buy_and_hold
BETA,2024-01-17,9415.937912813739,0,,,0.005974363227930427,buy_and_hold
BETA,2024-01-18,9290.568031704095,0,,,-0.013404080758848776,buy_and_hold
BETA,2024-01-19,9239.430317040951,0,,,-0.005519465628046013,buy_and_hold
BETA,2024-01-22,9414.288309114927,0,,,0.018748338326875693,buy_and_hold
BETA,2024-01-23,9486.870871862615,0,,,0.0076802611770461614,buy_and_hold
BETA,2024-01-24,9363.150594451783,0,,,-0.013126993433820913,buy_and_hold
BETA,2024-01-25,9336.756935270805,0,,,-0.0028228670827046545,buy_and_hold
BETA,2024-01-26,9313.662483487451,0,,,-0.0024765623837938442,buy_and_hold
BETA,2024-01-29,9267.47357992074,0,,,-0.004971601149245813,buy_and_hold
BETA,2024-01-30,9095.914795244385,0,,,-0.01868541608044685,buy_and_hold
BETA,2024-01-31,9038.178665785998,0,,,-0.006367710045326251,buy_and_hold
BETA,2024-02-01,9181.694187582561,0,,,0.01575406054742022,buy_and_hold
BETA,2024-02-02,9140.454095112285,0,,,-0.004501673218486328,buy_and_hold
BETA,2024-02-05,9135.505284015853,0,,,-0.0005415651364423556,buy_and_hold
BETA,2024-02-06,9175.095772787317,0,,,0.004324331063002803,buy_and_hold
BETA,2024-02-07,9434.08355350066,0,,,0.02783620912140611,buy_and_hold
BETA,2024-02-08,9447.280383091149,0,,,0.0013978684785410913,buy_and_hold
BETA,2024-02-09,9569.35105680317,0,,,0.01283848307220717,buy_and_hold
BETA,2024-02-12,9495.11889035667,0,,,-0.0077875274588059115,buy_and_hold
BETA,2024-02-13,9475.323645970937,0,,,-0.002086957279198436,buy_and_hold
BETA,2024-02-14,9468.725231175693,0,,,-0.0006966214144479978,buy_and_hold
BETA,2024-02-15,9379.646631439895,0,,,-0.009452197102666843,buy_and_hold
BETA,2024-02-16,9358.20178335535,0,,,-0.0022889348843780997,buy_and_hold
BETA,2024-02-19,9473.674042272127,0,,,0.012263643537729517,buy_and_hold
BETA,2024-02-20,9381.296235138705,0,,,-0.00979885355749687,buy_and_hold
BETA,2024-02-21,9359.851387054161,0,,,-0.002288531938003038,buy_and_hold
BETA,2024-02-22,9445.630779392337,0,,,0.009122870289263608,buy_and_hold
BETA,2024-02-23,9348.304161162483,0,,,-0.010357329488441081,buy_and_hold
BETA,2024-02-26,9473.674042272127,0,,,0.013321844694677235,buy_and_hold
BETA,2024-02-27,9481.922060766181,0,,,0.0008702463346188479,buy_and_hold
BETA,2024-02-28,9462.126816380449,0,,,-0.0020898649194591307,buy_and_hold
BETA,2024-02-29,9242.729524438573,0,,,-0.023459934714171776,buy_and_hold
BETA,2024-03-01,9189.94220607662,0,,,-0.005727597544468935,buy_and_hold
BETA,2024-03-04,9227.883091149273,0,,,0.004120023741089467,buy_and_hold
BETA,2024-03-05,9427.485138705415,0,,,0.021399702467005902,buy_and_hold
BETA,2024-03-06,9488.520475561427,0,,,0.006453323171971757,buy_and_hold
BETA,2024-03-07,9603.992734478203,0,,,0.012096224904685895,buy_and_hold
BETA,2024-03-08,9472.024438573317,0,,,-0.013836263624559064,buy_and_hold
BETA,2024-03-11,9468.725231175693,0,,,-0.00034837136739733563,buy_and_hold
BETA,2024-03-12,9608.941545574637,0,,,0.014699789120289256,buy_and_hold
BETA,2024-03-13,9490.170079260239,0,,,-0.012437541570607714,buy_and_hold
BETA,2024-03-14,9607.291941875827,0,,,0.012265853013228504,buy_and_hold
BETA,2024-03-15,9678.224900924703,0,,,0.007356119049337798,buy_and_hold
BETA,2024-03-18,9714.516182298546,0,,,0.003742774018710812,buy_and_hold
BETA,2024-03-19,9669.976882430647,0,,,-0.004595361673733038,buy_and_hold
BETA,2024-03-20,9546.256605019815,0,,,-0.012876819696998951,buy_and_hold
BETA,2024-03-21,9747.508256274768,0,,,0.020862589771835707,buy_and_hold
BETA,2024-03-22,9820.090819022456,0,,,0.007418681807715425,buy_and_hold
BETA,2024-03-25,9856.3821003963,0,,,0.0036888036463212947,buy_and_hold
BETA,2024-03-26,9815.142007926024,0,,,-0.0041928782600358155,buy_and_hold
BETA,2024-03-27,9816.791611624834,0,,,0.00016805310517653226,buy_and_hold
BETA,2024-03-28,9846.484478203434,0,,,0.0030201365237978524,buy_and_hold
BETA,2024-03-29,9897.622192866578,0,,,0.005180060041542104,buy_and_hold
BETA,2024-04-01,9980.102377807134,0,,,0.008298802814695284,buy_and_hold
BETA,2024-04-02,9879.476552179656,0,,,-0.01013381876042484,buy_and_hold
BETA,2024-04-03,9691.42173051519,0,,,-0.01921839325210275,buy_and_hold
BETA,2024-04-04,9706.268163804492,0,,,0.0015307427089686634,buy_and_hold
BETA,2024-04-05,9500.067701453105,0,,,-0.02147295421465578,buy_and_hold
BETA,2024-04-08,9443.981175693527,0,,,-0.005921299084232085,buy_and_hold
BETA,2024-04-09,9382.945838837517,0,,,-0.006483856939363545,buy_and_hold
BETA,2024-04-10,9430.784346103039,0,,,0.00508549978089441,buy_and_hold
BETA,2024-04-11,9671.626486129458,0,,,0.02521722570024366,buy_and_hold
BETA,2024-04-12,9432.433949801849,0,,,-0.025042324081958035,buy_and_hold
BETA,2024-04-15,9678.224900924703,0,,,0.025724336043602695,buy_and_hold
BETA,2024-04-16,9661.728863936592,0,,,-0.0017059028360774935,buy_and_hold
BETA,2024-04-17,9716.165785997358,0,,,0.005618470555850058,buy_and_hold
BETA,2024-04-18,9546.256605019815,0,,,-0.017641975071793686,buy_and_hold
BETA,2024-04-19,9656.780052840159,0,,,0.011511165677992465,buy_and_hold
BETA,2024-04-22,9668.327278731836,0,,,0.0011950492245980722,buy_and_hold
BETA,2024-04-23,9641.933619550859,0,,,-0.0027336425702604644,buy_and_hold
BETA,2024-04-24,9401.091479524439,0,,,-0.02529587407116914,buy_and_hold
BETA,2024-04-25,9409.339498018493,0,,,0.0008769622591321307,buy_and_hold
BETA,2024-04-26,9519.862945838837,0,,,0.011677692616834484,buy_and_hold
BETA,2024-04-29,9490.170079260239,0,,,-0.003123917847672853,buy_and_hold
BETA,2024-04-30,9627.087186261559,0,,,0.014324172779382754,buy_and_hold
BETA,2024-05-01,9768.953104359312,0,,,0.014628599018860166,buy_and_hold
BETA,2024-05-02,9716.165785997358,0,,,-0.005418232015904059,buy_and_hold
BETA,2024-05-03,9897.622192866578,0,,,0.018503471564559507,buy_and_hold
BETA,2024-05-06,9904.220607661822,0,,,0.0006664445431604468,buy_and_hold
BETA,2024-05-07,9930.6142668428,0,,,0.0026613455495140817,buy_and_hold
BETA,2024-05-08,9928.964663143988,0,,,-0.00016612675509596294,buy_and_hold
BETA,2024-05-09,9948.759907529722,0,,,0.001991701903215946,buy_and_hold
BETA,2024-05-10,9627.087186261559,0,,,-0.03286720380831043,buy_and_hold
BETA,2024-05-13,9607.291941875827,0,,,-0.002058319766154247,buy_and_hold
BETA,2024-05-14,9448.92998678996,0,,,-0.016620881236040407,buy_and_hold
BETA,2024-05-15,9627.087186261559,0,,,0.018679201002194668,buy_and_hold
BETA,2024-05-16,9801.945178335534,0,,,0.0180001463798767,buy_and_hold
BETA,2024-05-17,9907.519815059446,0,,,0.010713192520722855,buy_and_hold
BETA,2024-05-20,9889.374174372524,0,,,-0.0018331810816609605,buy_and_hold
BETA,2024-05-21,9770.602708058124,0,,,-0.012082711184649533,buy_and_hold
BETA,2024-05-22,9696.370541611625,0,,,-0.007626509298102546,buy_and_hold
BETA,2024-05-23,9928.964663143988,0,,,0.023704564568908015,buy_and_hold
BETA,2024-05-24,9838.236459709378,0,,,-0.009179735663141708,buy_and_hold
BETA,2024-05-27,9569.35105680317,0,,,-0.02771108041856462,buy_and_hold
BETA,2024-05-28,9696.370541611625,0,,,0.013186251512798331,buy_and_hold
BETA,2024-05-29,9895.972589167768,0,,,0.020376220674230422,buy_and_hold
BETA,2024-05-30,10092.275429326288,0,,,0.019642457057755566,buy_and_hold
BETA,2024-05-31,10214.34610303831,0,,,0.01202289055871432,buy_and_hold
BETA,2024-06-03,10371.058454425363,0,,,0.015225873113498108,buy_and_hold
BETA,2024-06-04,10387.554491413473,0,,,0.0015893201056815002,buy_and_hold
BETA,2024-06-05,10125.26750330251,0,,,-0.025574373309061187,buy_and_hold
BETA,2024-06-06,10125.26750330251,0,,,0.0,buy_and_hold
BETA,2024-06-07,10207.747688243066,0,,,0.008112976513275324,buy_and_hold
BETA,2024-06-10,10184.65323645971,0,,,-0.002265006630852236,buy_and_hold
BETA,2024-06-11,10161.558784676354,0,,,-0.0022701485345391855,buy_and_hold
BETA,2024-06-12,10046.086525759578,0,,,-0.011428695823622631,buy_and_hold
BETA,2024-06-13,9935.563077939234,0,,,-0.011062607660221699,buy_and_hold
BETA,2024-06-14,10151.661162483488,0,,,0.02151680283826609,buy_and_hold
BETA,2024-06-17,10362.810435931307,0,,,0.020586124216604627,buy_and_hold
BETA,2024-06-18,10346.314398943197,0,,,-0.0015931180683479524,buy_and_hold
BETA,2024-06-19,10369.408850726551,0,,,0.0022296553272690683,buy_and_hold
BETA,2024-06-20,10235.790951122854,0,,,-0.01296951971880527,buy_and_hold
BETA,2024-06-21,10314.971928665786,0,,,0.007705929928590275,buy_and_hold
BETA,2024-06-24,10522.821994715983,0,,,0.01994999667465745,buy_and_hold
BETA,2024-06-25,10324.869550858653,0,,,-0.01899091731725367,buy_and_hold
BETA,2024-06-26,10376.007265521795,0,,,0.004940642769784538,buy_and_hold
BETA,2024-06-27,10440.34180977543,0,,,0.00618117508081915,buy_and_hold
BETA,2024-06-28,10521.172391017173,0,,,0.007712322794697546,buy_and_hold
BETA,2024-07-01,10737.270475561427,0,,,0.020331266002384326,buy_and_hold
BETA,2024-07-02,11001.207067371202,0,,,0.024284089059918957,buy_and_hold
BETA,2024-07-03,10966.56538969617,0,,,-0.003153866097022069,buy_and_hold
BETA,2024-07-04,11052.344782034346,0,,,0.0077914688437731245,buy_and_hold
BETA,2024-07-05,11068.840819022456,0,,,0.0014914245866698983,buy_and_hold
BETA,2024-07-08,10992.959048877146,0,,,-0.006879046119048792,buy_and_hold
BETA,2024-07-09,11021.002311756936,0,,,0.002547772078798783,buy_and_hold
BETA,2024-07-10,11111.730515191546,0,,,0.008198599996685221,buy_and_hold
BETA,2024-07-11,11121.628137384412,0,,,0.0008903398718433553,buy_and_hold
BETA,2024-07-12,11007.805482166446,0,,,-0.01028708289039951,buy_and_hold
BETA,2024-07-15,10956.667767503302,0,,,-0.004656410966914714,buy_and_hold
BETA,2024-07-16,10895.63243064729,0,,,-0.005586184980266259,buy_and_hold
BETA,2024-07-17,10806.553830911493,0,,,-0.008209228224549243,buy_and_hold
BETA,2024-07-18,10839.545904887713,0,,,0.0030483181659913955,buy_and_hold
BETA,2024-07-19,10897.282034346103,0,,,0.005312299052867216,buy_and_hold
BETA,2024-07-22,11027.600726552178,0,,,0.011887883585308416,buy_and_hold
BETA,2024-07-23,10913.778071334213,0,,,-0.010375252832516326,buy_and_hold
BETA,2024-07-24,10839.545904887713,0,,,-0.006824929805659366,buy_and_hold
BETA,2024-07-25,11044.09676354029,0,,,0.018694951227405207,buy_and_hold
BETA,2024-07-26,11032.549537648612,0,,,-0.0010461033607353093,buy_and_hold
BETA,2024-07-29,11053.994385733158,0,,,0.0019418932086332236,buy_and_hold
BETA,2024-07-30,11032.549537648612,0,,,-0.0019418932086332622,buy_and_hold
BETA,2024-07-31,11192.561096433288,0,,,0.014399417504431933,buy_and_hold
BETA,2024-08-01,11344.32463672391,0,,,0.01346821705086661,buy_and_hold
BETA,2024-08-02,11505.985799207398,0,,,0.014149817369730327,buy_and_hold
BETA,2024-08-05,11502.686591809776,0,,,-0.00028677946855564456,buy_and_hold
BETA,2024-08-06,11395.462351387054,0,,,-0.009365387954441608,buy_and_hold
BETA,2024-08-07,11685.792602377807,0,,,0.02515855963615493,buy_and_hold
BETA,2024-08-08,11806.213672391015,0,,,0.010252178835873076,buy_and_hold
BETA,2024-08-09,11718.78467635403,0,,,-0.007432893066591287,buy_and_hold
BETA,2024-08-12,11913.437912813739,0,,,0.01647391716539716,buy_and_hold
BETA,2024-08-13,11852.402575957727,0,,,-0.005136403324277901,buy_and_hold
BETA,2024-08-14,12061.902245706739,0,,,0.01752131462086086,buy_and_hold
BETA,2024-08-15,12279.649933949802,0,,,0.017891504628155388,buy_and_hold
BETA,2024-08-16,12157.57926023778,0,,,-0.009990632578759094,buy_and_hold
BETA,2024-08-19,12249.957067371202,0,,,0.0075696495536432,buy_and_hold
BETA,2024-08-20,12381.92536327609,0,,,0.010715344957940732,buy_and_hold
BETA,2024-08-21,12782.779062087186,0,,,0.031861102068984064,buy_and_hold
BETA,2024-08-22,12688.751651254954,0,,,-0.007382975055279809,buy_and_hold
BETA,2024-08-23,12913.097754293263,0,,,0.01752622180729655,buy_and_hold
BETA,2024-08-26,12929.593791281373,0,,,0.0012766502436097557,buy_and_hold
BETA,2024-08-27,12734.940554821666,0,,,-0.01516933574075482,buy_and_hold
BETA,2024-08-28,12711.84610303831,0,,,-0.001815117832718987,buy_and_hold
BETA,2024-08-29,12734.940554821666,0,,,0.0018151178327188917,buy_and_hold
BETA,2024-08-30,12578.22820343461,0,,,-0.012382041543209639,buy_and_hold
BETA,2024-09-02,12635.964332892998,0,,,0.00457966125902451,buy_and_hold
BETA,2024-09-03,12784.428665785998,0,,,0.011680859612755808,buy_and_hold
BETA,2024-09-04,12815.771136063408,0,,,0.0024486126030280023,buy_and_hold
BETA,2024-09-05,12734.940554821666,0,,,-0.006327091931598842,buy_and_hold
BETA,2024-09-06,12731.641347424043,0,,,-0.00025910092125774653,buy_and_hold
BETA,2024-09-09,12739.889365918098,0,,,0.0006476264716997,buy_and_hold
BETA,2024-09-10,12754.735799207396,0,,,0.0011646717589575163,buy_and_hold
BETA,2024-09-11,12922.99537648613,0,,,0.013105673897555247,buy_and_hold
BETA,2024-09-12,12990.629128137385,0,,,0.005219949468057273,buy_and_hold
BETA,2024-09-13,12771.23183619551,0,,,-0.017033132556240352,buy_and_hold
BETA,2024-09-16,12664.007595772786,0,,,-0.008431206309695106,buy_and_hold
BETA,2024-09-17,12715.145310435932,0,,,0.004029904706358601,buy_and_hold
BETA,2024-09-18,12896.601717305153,0,,,0.014170016818643187,buy_and_hold
BETA,2024-09-19,13099.502972258917,0,,,0.015610444542310708,buy_and_hold
BETA,2024-09-20,13374.986789960369,0,,,0.02081201667667955,buy_and_hold
BETA,2024-09-23,13412.927675033025,0,,,0.0028326886359470137,buy_and_hold
BETA,2024-09-24,13530.049537648612,0,,,0.008694109744167013,buy_and_hold
BETA,2024-09-25,13310.652245706737,0,,,-0.01634846810349796,buy_and_hold
BETA,2024-09-26,13388.183619550859,0,,,0.00580786309719878,buy_and_hold
BETA,2024-09-27,13221.573645970939,0,,,-0.012522635902051944,buy_and_hold
BETA,2024-09-30,13214.975231175693,0,,,-0.0004991888285365944,buy_and_hold
BETA,2024-10-01,13695.009907529722,0,,,0.0356808523978672,buy_and_hold
BETA,2024-10-02,13760.994055482166,0,,,0.004806546143906404,buy_and_hold
BETA,2024-10-03,13609.230515191546,0,,,-0.011089795428163778,buy_and_hold
BETA,2024-10-04,13657.069022457068,0,,,0.0035089878100791586,buy_and_hold
BETA,2024-10-07,13582.836856010568,0,,,-0.0054502648089558734,buy_and_hold
BETA,2024-10-08,13436.02212681638,0,,,-0.01086768129370453,buy_and_hold
BETA,2024-10-09,13784.088507265522,0,,,0.025575601640310815,buy_and_hold
BETA,2024-10-10,13968.844121532366,0,,,0.013314509578299357,buy_and_hold
BETA,2024-10-11,14023.281043593131,0,,,0.003889450362603071,buy_and_hold
BETA,2024-10-14,13970.493725231176,0,,,-0.0037713656957599003,buy_and_hold
BETA,2024-10-15,13921.005614266844,0,,,-0.003548619763632444,buy_and_hold
BETA,2024-10-16,14173.394980184941,0,,,0.017967719590679297,buy_and_hold
BETA,2024-10-17,14224.532694848085,0,,,0.0036015142036785897,buy_and_hold
BETA,2024-10-18,13728.001981505944,0,,,-0.03553044140943797,buy_and_hold
BETA,2024-10-21,14105.761228533687,0,,,0.027145624613068832,buy_and_hold
BETA,2024-10-22,14145.351717305151,0,,,0.002802757878185153,buy_and_hold
BETA,2024-10-23,14183.292602377807,0,,,0.00267862502208625,buy_and_hold
BETA,2024-10-24,14369.697820343461,0,,,0.01305697676266525,buy_and_hold
BETA,2024-10-25,14445.579590488771,0,,,0.005266785703332481,buy_and_hold
BETA,2024-10-28,14546.205416116249,0,,,0.00694170639565846,buy_and_hold
BETA,2024-10-29,14478.571664464993,0,,,-0.004660423325765436,buy_and_hold
BETA,2024-10-30,14260.82397622193,0,,,-0.015153544474726615,buy_and_hold
BETA,2024-10-31,14282.268824306473,0,,,0.001502629884534875,buy_and_hold
BETA,2024-11-01,14539.607001321005,0,,,0.01785761740000647,buy_and_hold
BETA,2024-11-04,14448.878797886395,0,,,-0.006259623238843265,buy_and_hold
BETA,2024-11-05,14344.953764861293,0,,,-0.007218593362043755,buy_and_hold
BETA,2024-11-06,14561.051849405547,0,,,0.014952056219187602,buy_and_hold
BETA,2024-11-07,14483.520475561427,0,,,-0.005338798391070389,buy_and_hold
BETA,2024-11-08,14432.382760898281,0,,,-0.0035369995228978716,buy_and_hold
BETA,2024-11-11,14392.792272126817,0,,,-0.002746940035636507,buy_and_hold
BETA,2024-11-12,14399.390686922061,0,,,0.0004583476647218247,buy_and_hold
BETA,2024-11-13,14117.308454425363,0,,,-0.01978429775858762,buy_and_hold
BETA,2024-11-14,14029.879458388375,0,,,-0.0062122921467999545,buy_and_hold
BETA,2024-11-15,14077.717965653897,0,,,0.003403958917983209,buy_and_hold
BETA,2024-11-18,14092.564398943197,0,,,0.0010540494036734372,buy_and_hold
BETA,2024-11-19,14297.115257595773,0,,,0.0144104759827262,buy_and_hold
BETA,2024-11-20,14645.181638044915,0,,,0.02405359625963566,buy_and_hold
BETA,2024-11-21,14922.315059445176,0,,,0.01874636464380775,buy_and_hold
BETA,2024-11-22,15110.369881109642,0,,,0.012523507630387424,buy_and_hold
BETA,2024-11-25,15087.275429326286,0,,,-0.0015295534501754645,buy_and_hold
BETA,2024-11-26,14976.751981505946,0,,,-0.007352570846243079,buy_and_hold
BETA,2024-11-27,14986.64960369881,0,,,0.0006606474585143015,buy_and_hold
BETA,2024-11-28,15083.976221928666,0,,,0.0064732246443751544,buy_and_hold
BETA,2024-11-29,15220.893328929986,0,,,0.009036042103909183,buy_and_hold
BETA,2024-12-02,15354.511228533685,0,,,0.008740276843626636,buy_and_hold
BETA,2024-12-03,15356.160832232497,0,,,0.00010742869430769547,buy_and_hold
BETA,2024-12-04,15488.129128137385,0,,,0.0085571171420575,buy_and_hold
BETA,2024-12-05,15738.86889035667,0,,,0.016059510493298467,buy_and_hold
BETA,2024-12-06,15907.128467635404,0,,,0.01063396175853869,buy_and_hold
BETA,2024-12-09,15908.778071334213,0,,,0.00010369679067705155,buy_and_hold
BETA,2024-12-10,15758.664134742405,0,,,-0.009480719031053228,buy_and_hold
BETA,2024-12-11,15615.148612945839,0,,,-0.009148809803815055,buy_and_hold
BETA,2024-12-12,15489.778731836197,0,,,-0.008061138263884573,buy_and_hold
BETA,2024-12-13,15562.361294583885,0,,,0.004674891641898259,buy_and_hold
BETA,2024-12-16,15666.286327608983,0,,,0.006655774398745494,buy_and_hold
BETA,2024-12-17,15412.247357992075,0,,,-0.016348559449996785,buy_and_hold
BETA,2024-12-18,15308.322324966974,0,,,-0.006765853012709581,buy_and_hold
BETA,2024-12-19,15387.503302509907,0,,,0.005159082810027423,buy_and_hold
BETA,2024-12-20,15230.790951122854,0,,,-0.010236606817645632,buy_and_hold
BETA,2024-12-23,15323.168758256275,0,,,0.006046881614892907,buy_and_hold
BETA,2024-12-24,15245.637384412154,0,,,-0.005072591957309106,buy_and_hold
BETA,2024-12-25,15103.7714663144,0,,,-0.009348910357754375,buy_and_hold
BETA,2024-12-26,15133.464332892998,0,,,0.0019639940846598006,buy_and_hold
BETA,2024-12-27,15210.99570673712,0,,,0.005110095382024067,buy_and_hold
BETA,2024-12-30,15031.188903566712,0,,,-0.011891265412123092,buy_and_hold
BETA,2024-12-31,15004.795244385732,0,,,-0.0017574696966461973,buy_and_hold
DELT,2023-10-20,9949.807778274475,1,,,-0.0052318607765384365,buy_and_hold
DELT,2023-10-23,10132.905677246312,0,,,0.018234883732667094,buy_and_hold
DELT,2023-10-24,9940.87617344658,0,,,-0.019132952944351543,buy_and_hold
DELT,2023-10-25,9876.122038444344,0,,,-0.006535234527108889,buy_and_hold
DELT,2023-10-26,9760.011175681717,0,,,-0.011826383005012117,buy_and_hold
DELT,2023-10-27,9748.846669646848,0,,,-0.001144557753425404,buy_and_hold
DELT,2023-10-30,9893.985248100134,0,,,0.01477803408960032,buy_and_hold
DELT,2023-10-31,9873.889137237371,0,,,-0.0020332097820979565,buy_and_hold
DELT,2023-11-01,9898.45105051408,0,,,0.0024844733276619658,buy_and_hold
DELT,2023-11-02,10005.630308448815,0,,,0.010769680041089542,buy_and_hold
DELT,2023-11-03,9958.73938310237,0,,,-0.004697469772033335,buy_and_hold
DELT,2023-11-06,10003.39740724184,0,,,0.004474280394920886,buy_and_hold
DELT,2023-11-07,10032.425122932498,0,,,0.0028975836611290656,buy_and_hold
DELT,2023-11-08,9893.985248100134,0,,,-0.0138953378706704,buy_and_hold
DELT,2023-11-09,9833.696915511846,0,,,-0.006112073356919006,buy_and_hold
DELT,2023-11-10,9851.560125167634,0,,,0.0018148825308225342,buy_and_hold
DELT,2023-11-13,10001.164506034867,0,,,0.015071705833906945,buy_and_hold
DELT,2023-11-14,10159.700491729996,0,,,0.01572742573769629,buy_and_hold
DELT,2023-11-15,10412.018328118016,0,,,0.024531784863324718,buy_and_hold
DELT,2023-11-16,10494.63567277604,0,,,0.007903490889828928,buy_and_hold
DELT,2023-11-17,10445.51184622262,0,,,-0.004691840554025593,buy_and_hold
DELT,2023-11-20,10452.210549843541,0,,,0.0006410941559462273,buy_and_hold
DELT,2023-11-21,10443.278945015647,0,,,-0.0008548835741843396,buy_and_hold
DELT,2023-11-22,10403.086723290122,0,,,-0.003856045909089429,buy_and_hold
DELT,2023-11-23,10454.443451050514,0,,,0.004924536234059326,buy_and_hold
DELT,2023-11-24,10523.663388466697,0,,,0.006599278872874786,buy_and_hold
DELT,2023-11-27,10378.52481001341,0,,,-0.013887628391983833,buy_and_hold
DELT,2023-11-28,10521.430487259722,0,,,0.01367542679967549,buy_and_hold
DELT,2023-11-29,10295.907465355387,0,,,-0.021667693124716992,buy_and_hold
DELT,2023-11-30,10266.87974966473,0,,,-0.002823326883578702,buy_and_hold
DELT,2023-12-01,10414.25122932499,0,,,0.014252022707201413,buy_and_hold
DELT,2023-12-04,10514.731783638803,0,,,0.009602122213226235,buy_and_hold
DELT,2023-12-05,10467.840858292357,0,,,-0.004469518986706041,buy_and_hold
DELT,2023-12-06,10722.39159588735,0,,,0.024026445524349932,buy_and_hold
DELT,2023-12-07,10679.96647295485,0,,,-0.003964533100901772,buy_and_hold
DELT,2023-12-08,10436.580241394726,0,,,-0.023052728581493476,buy_and_hold
DELT,2023-12-11,10496.868573983013,0,,,0.0057600159253272136,buy_and_hold
DELT,2023-12-12,10249.01654000894,0,,,-0.023895227969539592,buy_and_hold
DELT,2023-12-13,10155.234689316048,0,,,-0.009192448184164148,buy_and_hold
DELT,2023-12-14,10211.057219490389,0,,,0.005481868787628412,buy_and_hold
DELT,2023-12-15,10170.864997764864,0,,,-0.0039439139639964515,buy_and_hold
DELT,2023-12-18,10244.550737594995,0,,,0.007218668555202747,buy_and_hold
DELT,2023-12-19,10115.042467590521,0,,,-0.012722259772181874,buy_and_hold
DELT,2023-12-20,10211.057219490389,0,,,0.009447505180975552,buy_and_hold
DELT,2023-12-21,9992.232901206973,0,,,-0.0216630929490995,buy_and_hold
DELT,2023-12-22,10153.001788109075,0,,,0.015961323116054974,buy_and_hold
DELT,2023-12-25,10097.179257934733,0,,,-0.005513300987095524,buy_and_hold
DELT,2023-12-26,10280.277156906572,0,,,0.017971117003858252,buy_and_hold
DELT,2023-12-27,10179.796602592758,0,,,-0.009822189628331894,buy_and_hold
DELT,2023-12-28,10443.278945015647,0,,,0.025553577512444893,buy_and_hold
DELT,2023-12-29,10333.866785873939,0,,,-0.010532069412319042,buy_and_hold
DELT,2024-01-01,10123.974072418418,0,,,-0.020520257246092976,buy_and_hold
DELT,2024-01-02,10137.37147966026,0,,,0.0013224599679194165,buy_and_hold
DELT,2024-01-03,10304.839070183281,0,,,0.016384855901558824,buy_and_hold
DELT,2024-01-04,10403.086723290122,0,,,0.009488964879844335,buy_and_hold
DELT,2024-01-05,10530.362092087616,0,,,0.012160149840464556,buy_and_hold
DELT,2024-01-08,10630.84264640143,0,,,0.009496747537257207,buy_and_hold
DELT,2024-01-09,10537.060795708538,0,,,-0.00886081746813126,buy_and_hold
DELT,2024-01-10,10626.376843987484,0,,,0.008440649394723079,buy_and_hold
DELT,2024-01-11,10637.541350022351,0,,,0.0010500893540802108,buy_and_hold
DELT,2024-01-12,10543.759499329459,0,,,-0.00885521282973255,buy_and_hold
DELT,2024-01-15,10581.71881984801,0,,,0.003593704322130069,buy_and_hold
DELT,2024-01-16,10583.951721054984,0,,,0.00021099272153392713,buy_and_hold
DELT,2024-01-17,10773.748323647742,0,,,0.01777359908396407,buy_and_hold
DELT,2024-01-18,10715.692892266428,0,,,-0.005403171914840718,buy_and_hold
DELT,2024-01-19,10644.240053643272,0,,,-0.0066903866534198065,buy_and_hold
DELT,2024-01-22,10559.389807778274,0,,,-0.00800341256094997,buy_and_hold
DELT,2024-01-23,10791.61153330353,0,,,0.021753629201208154,buy_and_hold
DELT,2024-01-24,10688.898077782744,0,,,-0.009563482452574995,buy_and_hold
DELT,2024-01-25,10858.59856951274,0,,,0.01575162101127682,buy_and_hold
DELT,2024-01-26,10729.090299508269,0,,,-0.011998488999393035,buy_and_hold
DELT,2024-01-29,10809.474742959319,0,,,0.007464268535301553,buy_and_hold
DELT,2024-01-30,10863.064371926686,0,,,0.00494540468041111,buy_and_hold
DELT,2024-01-31,11041.696468484579,0,,,0.016310249436707294,buy_and_hold
DELT,2024-02-01,11177.90344210997,0,,,0.012260227934906899,buy_and_hold
DELT,2024-02-02,11189.067948144837,0,,,0.0009983029680050754,buy_and_hold
DELT,2024-02-05,11124.313813142602,0,,,-0.005804079137598847,buy_and_hold
DELT,2024-02-06,11369.9329459097,0,,,0.02183926385517145,buy_and_hold
DELT,2024-02-07,11300.713008493518,0,,,-0.006106588463219179,buy_and_hold
DELT,2024-02-08,11008.202950379973,0,,,-0.02622510417734222,buy_and_hold
DELT,2024-02-09,10760.3509164059,0,,,-0.022772550396403156,buy_and_hold
DELT,2024-02-12,10545.992400536432,0,,,-0.02012224674421555,buy_and_hold
DELT,2024-02-13,10630.84264640143,0,,,0.008013539298401632,buy_and_hold
DELT,2024-02-14,10903.256593652213,0,,,0.02530205486714149,buy_and_hold
DELT,2024-02-15,10635.308448815378,0,,,-0.02488206326079988,buy_and_hold
DELT,2024-02-16,10537.060795708538,0,,,-0.009280809074472969,buy_and_hold
DELT,2024-02-19,10566.088511399195,0,,,0.0027510333718900187,buy_and_hold
DELT,2024-02-20,10760.3509164059,0,,,0.018218491542055182,buy_and_hold
DELT,2024-02-21,10635.308448815378,0,,,-0.011688715839472185,buy_and_hold
DELT,2024-02-22,10717.925793473401,0,,,0.007738196095121888,buy_and_hold
DELT,2024-02-23,10682.199374161824,0,,,-0.0033389012655145986,buy_and_hold
DELT,2024-02-26,11017.13455520787,0,,,0.030873001458834405,buy_and_hold
DELT,2024-02-27,11037.23066607063,0,,,0.0018224162176572912,buy_and_hold
DELT,2024-02-28,11084.121591417077,0,,,0.004239433017538451,buy_and_hold
DELT,2024-02-29,11106.450603486814,0,,,0.0020124780388521553,buy_and_hold
DELT,2024-03-01,11037.23066607063,0,,,-0.006251911056390676,buy_and_hold
DELT,2024-03-04,11157.807331247206,0,,,0.010865298037245693,buy_and_hold
DELT,2024-03-05,11012.668752793921,0,,,-0.013093147059970006,buy_and_hold
DELT,2024-03-06,10744.720607957084,0,,,-0.02463178718966562,buy_and_hold
DELT,2024-03-07,10708.994188645507,0,,,-0.0033305609471644994,buy_and_hold
DELT,2024-03-08,10822.872150201161,0,,,0.010577719697971028,buy_and_hold
DELT,2024-03-11,10762.583817612875,0,,,-0.005586028800729891,buy_and_hold
DELT,2024-03-12,10787.145730889584,0,,,0.0022795575097606714,buy_and_hold
DELT,2024-03-13,10610.746535538668,0,,,-0.016487903511925712,buy_and_hold
DELT,2024-03-14,10755.885113991953,0,,,0.01358574558773988,buy_and_hold
DELT,2024-03-15,10825.105051408134,0,,,0.006414921118929439,buy_and_hold
DELT,2024-03-18,10831.803755029056,0,,,0.0006186204960661022,buy_and_hold
DELT,2024-03-19,10847.434063477871,0,,,0.001441961316901184,buy_and_hold
DELT,2024-03-20,10655.40455967814,0,,,-0.01786132634431102,buy_and_hold
DELT,2024-03-21,10481.238265534197,0,,,-0.016480406806837863,buy_and_hold
DELT,2024-03-22,10465.607957085382,0,,,-0.0014923784882626906,buy_and_hold
DELT,2024-03-25,10525.89628967367,0,,,0.005744085573370409,buy_and_hold
DELT,2024-03-26,10604.047831917747,0,,,0.007397265053045363,buy_and_hold
DELT,2024-03-27,10554.924005364328,0,,,-0.004643317755885438,buy_and_hold
DELT,2024-03-28,10662.103263299061,0,,,0.010103222121594105,buy_and_hold
DELT,2024-03-29,10849.666964684846,0,,,0.017438681491072448,buy_and_hold
DELT,2024-04-01,10831.803755029056,0,,,-0.001647786160686566,buy_and_hold
DELT,2024-04-02,10865.297273133661,0,,,0.0030873750982515495,buy_and_hold
DELT,2024-04-03,10822.872150201161,0,,,-0.003912287498092051,buy_and_hold
DELT,2024-04-04,10811.707644166294,0,,,-0.0010320983473720837,buy_and_hold
DELT,2024-04-05,10831.803755029056,0,,,0.0018570107472126892,buy_and_hold
DELT,2024-04-08,11030.53196244971,0,,,0.01818046193675186,buy_and_hold
DELT,2024-04-09,11148.875726419312,0,,,0.010671600318641068,buy_and_hold
DELT,2024-04-10,11251.589181940099,0,,,0.009170718179988711,buy_and_hold
DELT,2024-04-11,11209.1640590076,0,,,-0.0037777159948231285,buy_and_hold
DELT,2024-04-12,11070.724184175235,0,,,-0.012427500090639122,buy_and_hold
DELT,2024-04-15,11110.91640590076,0,,,0.003623921823879485,buy_and_hold
DELT,2024-04-16,11289.54850245865,0,,,0.01594930140767804,buy_and_hold
DELT,2024-04-17,11539.633437639695,0,,,0.021910109635744326,buy_and_hold
DELT,2024-04-18,11193.533750558785,0,,,-0.030451228198934217,buy_and_hold
DELT,2024-04-19,11519.537326776934,0,,,0.02870822398114645,buy_and_hold
DELT,2024-04-22,11584.291461779168,0,,,0.005605504191684582,buy_and_hold
DELT,2024-04-23,11684.772016092982,0,,,0.008636460935873298,buy_and_hold
DELT,2024-04-24,11421.289673670093,0,,,-0.02280732798648106,buy_and_hold
DELT,2024-04-25,11385.563254358516,0,,,-0.0031329573305710497,buy_and_hold
DELT,2024-04-26,11517.304425569959,0,,,0.011504465386134274,buy_and_hold
DELT,2024-04-29,11352.069736253912,0,,,-0.014450554131945273,buy_and_hold
DELT,2024-04-30,10961.312025033529,0,,,-0.035028098251292064,buy_and_hold
DELT,2024-05-01,11017.13455520787,0,,,0.005079763031249472,buy_and_hold
DELT,2024-05-02,11034.997764863658,0,,,0.001620089459253254,buy_and_hold
DELT,2024-05-03,11222.56146624944,0,,,0.016854331554981963,buy_and_hold
DELT,2024-05-06,11202.46535538668,0,,,-0.0017922936192844227,buy_and_hold
DELT,2024-05-07,11211.396960214573,0,,,0.0007969715504524006,buy_and_hold
DELT,2024-05-08,11289.54850245865,0,,,0.006946539791987942,buy_and_hold
DELT,2024-05-09,11443.61868573983,0,,,0.013554868179915401,buy_and_hold
DELT,2024-05-10,11336.439427805097,0,,,-0.009409989059214495,buy_and_hold
DELT,2024-05-13,11468.18059901654,0,,,0.011554030422402637,buy_and_hold
DELT,2024-05-14,11396.727760393384,0,,,-0.0062500203451712946,buy_and_hold
DELT,2024-05-15,11390.029056772462,0,,,-0.0005879471016992372,buy_and_hold
DELT,2024-05-16,11472.646401430487,0,,,0.00722729974690242,buy_and_hold
DELT,2024-05-17,11593.223066607063,0,,,0.010455080714096955,buy_and_hold
DELT,2024-05-20,11651.278497988376,0,,,0.004995207312747825,buy_and_hold
DELT,2024-05-21,11501.674117121143,0,,,-0.012923316131088559,buy_and_hold
DELT,2024-05-22,11247.12337952615,0,,,-0.022380203819934663,buy_and_hold
DELT,2024-05-23,11229.260169870362,0,,,-0.0015895095736856593,buy_and_hold
DELT,2024-05-24,11352.069736253912,0,,,0.010877196137379936,buy_and_hold
DELT,2024-05-27,11423.522574877066,0,,,0.006274530389388468,buy_and_hold
DELT,2024-05-28,11468.18059901654,0,,,0.0039016826710638803,buy_and_hold
DELT,2024-05-29,11497.208314707197,0,,,0.0025279546763443896,buy_and_hold
DELT,2024-05-30,11537.400536432722,0,,,0.00348972824104325,buy_and_hold
DELT,2024-05-31,11396.727760393384,0,,,-0.012267703262558815,buy_and_hold
DELT,2024-06-03,11515.071524362986,0,,,0.010330469026333158,buy_and_hold
DELT,2024-06-04,11642.346893160482,0,,,0.010992300442487987,buy_and_hold
DELT,2024-06-05,11588.757264193115,0,,,-0.004613618333512721,buy_and_hold
DELT,2024-06-06,11646.81269557443,0,,,0.004997127446554648,buy_and_hold
DELT,2024-06-07,11416.823871256147,0,,,-0.01994450852648965,buy_and_hold
DELT,2024-06-10,11432.454179704962,0,,,0.0013681229535543009,buy_and_hold
DELT,2024-06-11,11412.358068842199,0,,,-0.0017593592652739693,buy_and_hold
DELT,2024-06-12,11588.757264193115,0,,,0.0153386173916548,buy_and_hold
DELT,2024-06-13,11573.1269557443,0,,,-0.001349657970227762,buy_and_hold
DELT,2024-06-14,11689.23781850693,0,,,0.009982805114930984,buy_and_hold
DELT,2024-06-17,11615.5520786768,0,,,-0.006323677296040453,buy_and_hold
DELT,2024-06-18,11278.383996423781,0,,,-0.029456923540544265,buy_and_hold
DELT,2024-06-19,11235.958873491283,0,,,-0.003768724087776053,buy_and_hold
DELT,2024-06-20,11251.589181940099,0,,,0.0013901303003216276,buy_and_hold
DELT,2024-06-21,11271.68529280286,0,,,0.0017844755404510014,buy_and_hold
DELT,2024-06-24,11282.84979883773,0,,,0.0009900010708596882,buy_and_hold
DELT,2024-06-25,11209.1640590076,0,,,-0.0065521926061335905,buy_and_hold
DELT,2024-06-26,11160.04023245418,0,,,-0.004392101290877363,buy_and_hold
DELT,2024-06-27,11005.970049173,0,,,-0.01390170468951979,buy_and_hold
DELT,2024-06-28,10758.118015198927,0,,,-0.02277722353056122,buy_and_hold
DELT,2024-07-01,10753.652212784978,0,,,-0.00041519618615978344,buy_and_hold
DELT,2024-07-02,10659.870362092088,0,,,-0.008759180089881465,buy_and_hold
DELT,2024-07-03,10796.077335717478,0,,,0.012696600988619315,buy_and_hold
DELT,2024-07-04,10510.265981224855,0,,,-0.02683036648625243,buy_and_hold
DELT,2024-07-05,10552.691104157353,0,,,0.004028416345710754,buy_and_hold
DELT,2024-07-08,10827.33795261511,0,,,0.025693319358499073,buy_and_hold
DELT,2024-07-09,10796.077335717478,0,,,-0.0028913692179576046,buy_and_hold
DELT,2024-07-10,10798.310236924452,0,,,0.00020680384728854773,buy_and_hold
DELT,2024-07-11,10836.269557443004,0,,,0.0035091376705330105,buy_and_hold
DELT,2024-07-12,10905.489494859186,0,,,0.006367485825379221,buy_and_hold
DELT,2024-07-15,10860.831470719713,0,,,-0.004103411584592453,buy_and_hold
DELT,2024-07-16,10729.090299508269,0,,,-0.01220410224161008,buy_and_hold
DELT,2024-07-17,10834.03665623603,0,,,0.00973394865954811,buy_and_hold
DELT,2024-07-18,10579.485918641038,0,,,-0.02377588534520999,buy_and_hold
DELT,2024-07-19,10688.898077782744,0,,,0.010288804673778061,buy_and_hold
DELT,2024-07-22,10639.774251229324,0,,,-0.004606373304206451,buy_and_hold
DELT,2024-07-23,10642.007152436297,0,,,0.00020984157038494855,buy_and_hold
DELT,2024-07-24,10575.02011622709,0,,,-0.0063144810948457504,buy_and_hold
DELT,2024-07-25,10760.3509164059,0,,,0.017373540076491015,buy_and_hold
DELT,2024-07-26,10802.7760393384,0,,,0.003934974529639929,buy_and_hold
DELT,2024-07-29,10778.21412606169,0,,,-0.0022762555094796217,buy_and_hold
DELT,2024-07-30,10733.556101922217,0,,,-0.004151967766532294,buy_and_hold
DELT,2024-07-31,10724.624497094323,0,,,-0.000832466229136254,buy_and_hold
DELT,2024-08-01,11028.299061242737,0,,,0.027922158875800577,buy_and_hold
DELT,2024-08-02,10865.297273133661,0,,,-0.014890637197156945,buy_and_hold
DELT,2024-08-05,11001.504246759054,0,,,0.012458039200495336,buy_and_hold
DELT,2024-08-06,11088.587393831023,0,,,0.007884403524148615,buy_and_hold
DELT,2024-08-07,11320.809119356281,0,,,0.020726130517116952,buy_and_hold
DELT,2024-08-08,11405.659365221278,0,,,0.007467120567200968,buy_and_hold
DELT,2024-08-09,11385.563254358516,0,,,-0.0017634960972741022,buy_and_hold
DELT,2024-08-12,11521.770227983907,0,,,0.01189213742045269,buy_and_hold
DELT,2024-08-13,11568.661153330353,0,,,0.004061508339179794,buy_and_hold
DELT,2024-08-14,11682.539114886009,0,,,0.009795526322246435,buy_and_hold
DELT,2024-08-15,11887.966025927582,0,,,0.017431286377967536,buy_and_hold
DELT,2024-08-16,11914.760840411265,0,,,0.002251408080457428,buy_and_hold
DELT,2024-08-19,11861.171211443898,0,,,-0.004507896439189928,buy_and_hold
DELT,2024-08-20,11785.252570406796,0,,,-0.006421174093000315,buy_and_hold
DELT,2024-08-21,11861.171211443898,0,,,0.00642117409300025,buy_and_hold
DELT,2024-08-22,11756.224854716138,0,,,-0.008887266588193818,buy_and_hold
DELT,2024-08-23,11713.79973178364,0,,,-0.00361526414125682,buy_and_hold
DELT,2024-08-26,11590.990165400088,0,,,-0.0105395245995902,buy_and_hold
DELT,2024-08-27,11660.210102816272,0,,,0.005954113431845223,buy_and_hold
DELT,2024-08-28,11548.56504246759,0,,,-0.009621009367326192,buy_and_hold
DELT,2024-08-29,11392.261957979437,0,,,-0.013626841189991221,buy_and_hold
DELT,2024-08-30,11244.890478319177,0,,,-0.01302050353751902,buy_and_hold
DELT,2024-09-02,11177.90344210997,0,,,-0.005974923172518219,buy_and_hold
DELT,2024-09-03,11117.615109521681,0,,,-0.00540812534953682,buy_and_hold
DELT,2024-09-04,11146.642825212339,0,,,0.002607563407080991,buy_and_hold
DELT,2024-09-05,11126.546714349575,0,,,-0.0018045117678591061,buy_and_hold
DELT,2024-09-06,11193.533750558785,0,,,0.0060024189820989116,buy_and_hold
DELT,2024-09-09,11262.753687974966,0,,,0.00616487982130667,buy_and_hold
DELT,2024-09-10,11347.603933839964,0,,,0.007505466795299191,buy_and_hold
DELT,2024-09-11,11086.35449262405,0,,,-0.02329158740083643,buy_and_hold
DELT,2024-09-12,10956.84622261958,0,,,-0.011750540389369502,buy_and_hold
DELT,2024-09-13,11030.53196244971,0,,,0.006702574092064692,buy_and_hold
DELT,2024-09-16,11041.696468484579,0,,,0.0010116338748444476,buy_and_hold
DELT,2024-09-17,11193.533750558785,0,,,0.013657573206690903,buy_and_hold
DELT,2024-09-18,10994.805543138133,0,,,-0.017913329959159244,buy_and_hold
DELT,2024-09-19,10934.517210549844,0,,,-0.0054984356020267786,buy_and_hold
DELT,2024-09-20,10892.092087617344,0,,,-0.003887472926451887,buy_and_hold
DELT,2024-09-23,10927.818506928923,0,,,0.0032746652267515567,buy_and_hold
DELT,2024-09-24,10930.051408135896,0,,,0.0002043109619937811,buy_and_hold
DELT,2024-09-25,11003.737147966027,0,,,0.006718950248745009,buy_and_hold
DELT,2024-09-26,10997.038444345106,0,,,-0.0006089516071664828,buy_and_hold
DELT,2024-09-27,11182.369244523916,0,,,0.01671235917374507,buy_and_hold
DELT,2024-09-30,11414.590970049172,0,,,0.02055408327743627,buy_and_hold
DELT,2024-10-01,11260.520786767993,0,,,-0.01358957398064532,buy_and_hold
DELT,2024-10-02,11280.616897630756,0,,,0.0017830613936565222,buy_and_hold
DELT,2024-10-03,11381.097451944568,0,,,0.008867926869659962,buy_and_hold
DELT,2024-10-04,11445.851586946803,0,,,0.005673496583974649,buy_and_hold
DELT,2024-10-07,11398.960661600357,0,,,-0.004105176325250552,buy_and_hold
DELT,2024-10-08,11441.385784532857,0,,,0.003714932417858974,buy_and_hold
DELT,2024-10-09,11231.493071077335,0,,,-0.018515399922839994,buy_and_hold
DELT,2024-10-10,11235.958873491283,0,,,0.0003975352864915897,buy_and_hold
DELT,2024-10-11,11037.23066607063,0,,,-0.017845085073317096,buy_and_hold
DELT,2024-10-14,11115.382208314708,0,,,0.007055769620578102,buy_and_hold
DELT,2024-10-15,10968.010728654448,0,,,-0.013347013100558969,buy_and_hold
DELT,2024-10-16,10985.873938310238,0,,,0.0016273396593756292,buy_and_hold
DELT,2024-10-17,11028.299061242737,0,,,0.0038543510542710796,buy_and_hold
DELT,2024-10-18,11059.559678140367,0,,,0.002830572047612954,buy_and_hold
DELT,2024-10-21,10961.312025033529,0,,,-0.00892319853018517,buy_and_hold
DELT,2024-10-22,10938.983012963792,0,,,-0.0020391524194777154,buy_and_hold
DELT,2024-10-23,11079.655789003129,0,,,0.012777782613171466,buy_and_hold
DELT,2024-10-24,11023.833258828789,0,,,-0.005051025992883438,buy_and_hold
DELT,2024-10-25,11023.833258828789,0,,,0.0,buy_and_hold
DELT,2024-10-28,10930.051408135896,0,,,-0.008543583294252118,buy_and_hold
DELT,2024-10-29,11070.724184175235,0,,,0.012788157630525092,buy_and_hold
DELT,2024-10-30,11079.655789003129,0,,,0.0008064516566105101,buy_and_hold
DELT,2024-10-31,10956.84622261958,0,,,-0.011146128161842784,buy_and_hold
DELT,2024-11-01,10970.243629861423,0,,,0.0012219960787448064,buy_and_hold
DELT,2024-11-04,10954.613321412608,0,,,-0.0014258073502135852,buy_and_hold
DELT,2024-11-05,11155.574430040233,0,,,0.018178646427033696,buy_and_hold
DELT,2024-11-06,11155.574430040233,0,,,0.0,buy_and_hold
DELT,2024-11-07,10974.70943227537,0,,,-0.01634583866420142,buy_and_hold
DELT,2024-11-08,11055.09387572642,0,,,0.007297822780156004,buy_and_hold
DELT,2024-11-11,11314.11041573536,0,,,0.023159350114486797,buy_and_hold
DELT,2024-11-12,11490.509611086276,0,,,0.01547078736577965,buy_and_hold
DELT,2024-11-13,11329.740724184176,0,,,-0.014090252682462239,buy_and_hold
DELT,2024-11-14,11298.480107286545,0,,,-0.0027629778777159375,buy_and_hold
DELT,2024-11-15,11300.713008493518,0,,,0.00019760893256665153,buy_and_hold
DELT,2024-11-18,11280.616897630756,0,,,-0.0017798877436961465,buy_and_hold
DELT,2024-11-19,11338.67232901207,0,,,0.005133278794241997,buy_and_hold
DELT,2024-11-20,11318.576218149306,0,,,-0.001773923792274512,buy_and_hold
DELT,2024-11-21,11204.698256593652,0,,,-0.010112111545981696,buy_and_hold
DELT,2024-11-22,11349.836835046937,0,,,0.012870190520534956,buy_and_hold
DELT,2024-11-25,11202.46535538668,0,,,-0.013069492962649379,buy_and_hold
DELT,2024-11-26,11095.286097451944,0,,,-0.009613532881932478,buy_and_hold
DELT,2024-11-27,10950.14751899866,0,,,-0.013167413986273177,buy_and_hold
DELT,2024-11-28,11023.833258828789,0,,,0.006706660642815589,buy_and_hold
DELT,2024-11-29,11030.53196244971,0,,,0.0006074719231052535,buy_and_hold
DELT,2024-12-02,11162.273133661154,0,,,0.011872561231602232,buy_and_hold
DELT,2024-12-03,11075.189986589183,0,,,-0.007832151694597141,buy_and_hold
DELT,2024-12-04,10898.790791238265,0,,,-0.01605562383182574,buy_and_hold
DELT,2024-12-05,10854.132767098792,0,,,-0.0041059388416920875,buy_and_hold
DELT,2024-12-06,10831.803755029056,0,,,-0.002059308800238955,buy_and_hold
DELT,2024-12-09,10863.064371926686,0,,,0.00288184637488895,buy_and_hold
DELT,2024-12-10,10650.938757264194,0,,,-0.019720410737718398,buy_and_hold
DELT,2024-12-11,10724.624497094323,0,,,0.006894417782437365,buy_and_hold
DELT,2024-12-12,10612.979436745642,0,,,-0.010464725050814867,buy_and_hold
DELT,2024-12-13,10545.992400536432,0,,,-0.0063318067178924405,buy_and_hold
DELT,2024-12-16,10700.062583817613,0,,,0.014503669899168237,buy_and_hold
DELT,2024-12-17,10427.648636566832,0,,,-0.02578878913234218,buy_and_hold
DELT,2024-12-18,10461.142154671435,0,,,0.003206844009579591,buy_and_hold
DELT,2024-12-19,10525.89628967367,0,,,0.006170888823553895,buy_and_hold
DELT,2024-12-20,10427.648636566832,0,,,-0.009377732833133388,buy_and_hold
DELT,2024-12-23,10380.757711220385,0,,,-0.004506928972358291,buy_and_hold
DELT,2024-12-24,10519.19758605275,0,,,0.013248057009456252,buy_and_hold
DELT,2024-12-25,10760.3509164059,0,,,0.022666237940291555,buy_and_hold
DELT,2024-12-26,10914.42109968708,0,,,0.014216784211098505,buy_and_hold
DELT,2024-12-27,11164.506034868127,0,,,0.022654690564806176,buy_and_hold
DELT,2024-12-30,11055.09387572642,0,,,-0.009848336054814406,buy_and_hold
DELT,2024-12-31,10858.59856951274,0,,,-0.017934044957637278,buy_and_hold
EPSI,2023-10-20,9967.468502099859,1,,,-0.003458452785875453,buy_and_hold
EPSI,2023-10-23,10037.393840410637,0,,,0.0069908627109608905,buy_and_hold
EPSI,2023-10-24,9902.204853009798,0,,,-0.013560058150085385,buy_and_hold
EPSI,2023-10-25,9913.082127858142,0,,,0.0010978671115275524,buy_and_hold
EPSI,2023-10-26,9736.714885674286,0,,,-0.017951531849661105,buy_and_hold
EPSI,2023-10-27,9743.707419505365,0,,,0.0007179037519674002,buy_and_hold
EPSI,2023-10-30,9788.770415305646,0,,,0.0046141688865801505,buy_and_hold
EPSI,2023-10-31,9933.282781147922,0,,,0.014655163014657186,buy_and_hold
EPSI,2023-11-01,9848.595426971535,0,,,-0.008562166914475566,buy_and_hold
EPSI,2023-11-02,9814.409706019596,0,,,-0.003477164875333539,buy_and_hold
EPSI,2023-11-03,9734.384041063928,0,,,-0.00818731968992527,buy_and_hold
EPSI,2023-11-06,9703.306112925804,0,,,-0.0031977003824674877,buy_and_hold
EPSI,2023-11-07,9591.425571628557,0,,,-0.01159713408380524,buy_and_hold
EPSI,2023-11-08,9341.248250116658,0,,,-0.026429640804370772,buy_and_hold
EPSI,2023-11-09,9219.267382174521,0,,,-0.013144314156320544,buy_and_hold
EPSI,2023-11-10,9192.074195053663,0,,,-0.0029539625649256654,buy_and_hold
EPSI,2023-11-13,9174.20438637424,0,,,-0.001945937413409239,buy_and_hold
EPSI,2023-11-14,9241.021931871208,0,,,0.007256803426285437,buy_and_hold
EPSI,2023-11-15,9331.92487167522,0,,,0.009788825287951388,buy_and_hold
EPSI,2023-11-16,9301.62389174055,0,,,-0.0032523065819007866,buy_and_hold
EPSI,2023-11-17,9126.8105459636,0,,,-0.018972701148703683,buy_and_hold
EPSI,2023-11-20,9185.081661222584,0,,,0.006364313560428847,buy_and_hold
EPSI,2023-11-21,9188.189454036397,0,,,0.00033829499646035607,buy_and_hold
EPSI,2023-11-22,9169.542697153522,0,,,-0.002031488763661244,buy_and_hold
EPSI,2023-11-23,9307.839477368174,0,,,0.014969584052326365,buy_and_hold
EPSI,2023-11-24,9373.103126458234,0,,,0.006987218578296852,buy_and_hold
EPSI,2023-11-27,9389.41903873075,0,,,0.0017392028898460278,buy_and_hold
EPSI,2023-11-28,9414.28138124125,0,,,0.0026444110939392064,buy_and_hold
EPSI,2023-11-29,9516.061595893607,0,,,0.01075323310599715,buy_and_hold
EPSI,2023-11-30,9436.81287914139,0,,,-0.008362760879999105,buy_and_hold
EPSI,2023-12-01,9342.802146523563,0,,,-0.010012081483558765,buy_and_hold
EPSI,2023-12-04,9338.9174055063,0,,,-0.00041588688476319036,buy_and_hold
EPSI,2023-12-05,9206.059262715818,0,,,-0.014328453272458685,buy_and_hold
EPSI,2023-12-06,9206.836210919271,0,,,8.439174653721613e-05,buy_and_hold
EPSI,2023-12-07,9230.921605226318,0,,,0.0026126178950102,buy_and_hold
EPSI,2023-12-08,9235.583294447037,0,,,0.0005048805223368738,buy_and_hold
EPSI,2023-12-11,9197.512832477834,0,,,-0.00413066972995403,buy_and_hold
EPSI,2023-12-12,9360.671955202986,0,,,0.017583974789004583,buy_and_hold
EPSI,2023-12-13,9473.329444703686,0,,,0.011963345520589983,buy_and_hold
EPSI,2023-12-14,9444.58236117592,0,,,-0.003039141523581098,buy_and_hold
EPSI,2023-12-15,9470.221651889873,0,,,0.0027110306191527865,buy_and_hold
EPSI,2023-12-18,9630.272981801212,0,,,0.016759259813454466,buy_and_hold
EPSI,2023-12-19,9574.332711152589,0,,,-0.005825730531167804,buy_and_hold
EPSI,2023-12-20,9457.01353243117,0,,,-0.012329202921261453,buy_and_hold
EPSI,2023-12-21,9470.998600093326,0,,,0.0014777114584553833,buy_and_hold
EPSI,2023-12-22,9522.27718152123,0,,,0.005399669505055385,buy_and_hold
EPSI,2023-12-25,9579.77134857676,0,,,0.006019704178017482,buy_and_hold
EPSI,2023-12-26,9673.005132991133,0,,,0.009685305734463679,buy_and_hold
EPSI,2023-12-27,9590.648623425104,0,,,-0.008550507849856842,buy_and_hold
EPSI,2023-12-28,9456.236584227716,0,,,-0.01411404216844003,buy_and_hold
EPSI,2023-12-29,9399.519365375641,0,,,-0.006015923207697129,buy_and_hold
EPSI,2024-01-01,9476.437237517497,0,,,0.008149870176378634,buy_and_hold
EPSI,2024-01-02,9381.649556696218,0,,,-0.010052820322464876,buy_and_hold
EPSI,2024-01-03,9179.643023798413,0,,,-0.02176728889976509,buy_and_hold
EPSI,2024-01-04,9195.958936070927,0,,,0.0017758238990919105,buy_and_hold
EPSI,2024-01-05,9116.710219318711,0,,,-0.008655124034294994,buy_and_hold
EPSI,2024-01-08,8928.688754083061,0,,,-0.02083946938662493,buy_and_hold
EPSI,2024-01-09,8945.781614559028,0,,,0.001912545136574444,buy_and_hold
EPSI,2024-01-10,8897.610825944936,0,,,-0.005399299017749213,buy_and_hold
EPSI,2024-01-11,9077.085860942603,0,,,0.019970406499142872,buy_and_hold
EPSI,2024-01-12,9082.524498366774,0,,,0.0005989817489656911,buy_and_hold
EPSI,2024-01-15,9161.773215118992,0,,,0.00868755996300391,buy_and_hold
EPSI,2024-01-16,9168.765748950069,0,,,0.0007629381966307589,buy_and_hold
EPSI,2024-01-17,9110.494633691087,0,,,-0.006375675101588159,buy_and_hold
EPSI,2024-01-18,9064.654689687353,0,,,-0.005044254700303476,buy_and_hold
EPSI,2024-01-19,9184.30471301913,0,,,0.013113266926519783,buy_and_hold
EPSI,2024-01-22,9270.545963602424,0,,,0.009346255884262085,buy_and_hold
EPSI,2024-01-23,9096.50956602893,0,,,-0.01895149782286263,buy_and_hold
EPSI,2024-01-24,8942.673821745215,0,,,-0.017056146095848178,buy_and_hold
EPSI,2024-01-25,8818.36210919272,0,,,-0.013998478806379454,buy_and_hold
EPSI,2024-01-26,8934.904339710685,0,,,0.013129291441792802,buy_and_hold
EPSI,2024-01-29,8761.644890340644,0,,,-0.019581782119053762,buy_and_hold
EPSI,2024-01-30,8859.540363975733,0,,,0.011111225425070629,buy_and_hold
EPSI,2024-01-31,8917.034531031264,0,,,0.006468554023309968,buy_and_hold
EPSI,2024-02-01,8926.357909472701,0,,,0.0010450231726964866,buy_and_hold
EPSI,2024-02-02,8874.302379841343,0,,,-0.00584873562855652,buy_and_hold
EPSI,2024-02-05,9007.160522631824,0,,,0.014860147445593233,buy_and_hold
EPSI,2024-02-06,9043.67708819412,0,,,0.004045974615027288,buy_and_hold
EPSI,2024-02-07,8901.495566962201,0,,,-0.01584654539180297,buy_and_hold
EPSI,2024-02-08,8784.176388240783,0,,,-0.013267338658389789,buy_and_hold
EPSI,2024-02-09,8609.363042463836,0,,,-0.020101628298910604,buy_and_hold
EPSI,2024-02-12,8729.790013999065,0,,,0.013890979287808695,buy_and_hold
EPSI,2024-02-13,8889.064395706951,0,,,0.01808048547680969,buy_and_hold
EPSI,2024-02-14,8998.614092393838,0,,,0.012248774084791181,buy_and_hold
EPSI,2024-02-15,8984.629024731683,0,,,-0.0015553446494984307,buy_and_hold
EPSI,2024-02-16,8832.347176854875,0,,,-0.017094433359300068,buy_and_hold
EPSI,2024-02-19,8737.559496033597,0,,,-0.010789880924789544,buy_and_hold
EPSI,2024-02-20,8633.448436770881,0,,,-0.011986904417967294,buy_and_hold
EPSI,2024-02-21,8610.916938870741,0,,,-0.0026132026585265543,buy_and_hold
EPSI,2024-02-22,8760.86794213719,0,,,0.017264170458350228,buy_and_hold
EPSI,2024-02-23,8903.049463369109,0,,,0.01609887419244497,buy_and_hold
EPSI,2024-02-26,8853.32477834811,0,,,-0.00560078474666366,buy_and_hold
EPSI,2024-02-27,8617.909472701818,0,,,-0.026950534944116082,buy_and_hold
EPSI,2024-02-28,8496.705552963134,0,,,-0.014164028331883108,buy_and_hold
EPSI,2024-02-29,8626.455902939802,0,,,0.015155242650480242,buy_and_hold
EPSI,2024-03-01,8640.440970601958,0,,,0.0016198707645762136,buy_and_hold
EPSI,2024-03-04,8600.816612225852,0,,,-0.0045964661161591105,buy_and_hold
EPSI,2024-03-05,8565.076994867008,0,,,-0.004164032449242948,buy_and_hold
EPSI,2024-03-06,8485.051329911337,0,,,-0.009387173055711484,buy_and_hold
EPSI,2024-03-07,8351.416238917403,0,,,-0.015874814224664892,buy_and_hold
EPSI,2024-03-08,8565.85394307046,0,,,0.02535269434198332,buy_and_hold
EPSI,2024-03-11,8753.875408306112,0,,,0.021712677849119164,buy_and_hold
EPSI,2024-03-12,8669.188054129723,0,,,-0.00972136975869234,buy_and_hold
EPSI,2024-03-13,8472.62015865609,0,,,-0.022935329769744064,buy_and_hold
EPSI,2024-03-14,8497.482501166589,0,,,0.0029301366994964966,buy_and_hold
EPSI,2024-03-15,8470.289314045729,0,,,-0.0032052777109997164,buy_and_hold
EPSI,2024-03-18,8538.660755949602,0,,,0.008039509773440935,buy_and_hold
EPSI,2024-03-19,8621.017265515631,0,,,0.009598914597000343,buy_and_hold
EPSI,2024-03-20,8492.043863742416,0,,,-0.015073380824083285,buy_and_hold
EPSI,2024-03-21,8621.017265515631,0,,,0.015073380824083226,buy_and_hold
EPSI,2024-03-22,8585.277648156789,0,,,-0.0041542550487686,buy_and_hold
EPSI,2024-03-25,8644.325711619225,0,,,0.006854283689339711,buy_and_hold
EPSI,2024-03-26,8624.125058329444,0,,,-0.002339603334813055,buy_and_hold
EPSI,2024-03-27,8717.358842743817,0,,,0.010752791776261915,buy_and_hold
EPSI,2024-03-28,8480.38964069062,0,,,-0.027559910092643074,buy_and_hold
EPSI,2024-03-29,8559.638357442836,0,,,0.009301544356020527,buy_and_hold
EPSI,2024-04-01,8470.289314045729,0,,,-0.010493275715838768,buy_and_hold
EPSI,2024-04-02,8472.62015865609,0,,,0.00027514101150333443,buy_and_hold
EPSI,2024-04-03,8588.385440970602,0,,,0.013570953757478755,buy_and_hold
EPSI,2024-04-04,8509.913672421837,0,,,-0.00917896206946188,buy_and_hold
EPSI,2024-04-05,8410.46430237984,0,,,-0.011755117453055977,buy_and_hold
EPSI,2024-04-08,8356.077928138124,0,,,-0.00648751116886008,buy_and_hold
EPSI,2024-04-09,8309.461035930937,0,,,-0.0055944201853244365,buy_and_hold
EPSI,2024-04-10,8199.91133924405,0,,,-0.01327140755089276,buy_and_hold
EPSI,2024-04-11,8223.996733551096,0,,,0.0029329696033521873,buy_and_hold
EPSI,2024-04-12,8228.658422771814,0,,,0.0005666792747037517,buy_and_hold
EPSI,2024-04-15,8264.398040130658,0,,,0.004333905407995822,buy_and_hold
EPSI,2024-04-16,8193.695753616425,0,,,-0.008591848161249952,buy_and_hold
EPSI,2024-04-17,8113.670088660756,0,,,-0.009814743610866377,buy_and_hold
EPSI,2024-04-18,8098.131124591693,0,,,-0.001916994740226434,buy_and_hold
EPSI,2024-04-19,8070.937937470834,0,,,-0.003363608956683267,buy_and_hold
EPSI,2024-04-22,8055.398973401773,0,,,-0.0019271541905829428,buy_and_hold
EPSI,2024-04-23,7971.488567428837,0,,,-0.010471299867295478,buy_and_hold
EPSI,2024-04-24,7990.135324311712,0,,,0.0023364496610195056,buy_and_hold
EPSI,2024-04-25,7899.232384507699,0,,,-0.011442108110619064,buy_and_hold
EPSI,2024-04-26,7901.563229118058,0,,,0.00029502876744464437,buy_and_hold
EPSI,2024-04-29,7871.262249183387,0,,,-0.0038421799889282672,buy_and_hold
EPSI,2024-04-30,7870.4853009799335,0,,,-9.871181094836496e-05,buy_and_hold
EPSI,2024-05-01,7992.466168922071,0,,,0.015379643888300973,buy_and_hold
EPSI,2024-05-02,7884.47036864209,0,,,-0.013604320411857482,buy_and_hold
EPSI,2024-05-03,7655.270648623425,0,,,-0.029500664396697875,buy_and_hold
EPSI,2024-05-06,7602.438170788613,0,,,-0.006925376492298001,buy_and_hold
EPSI,2024-05-07,7512.312179188053,0,,,-0.011925709346629046,buy_and_hold
EPSI,2024-05-08,7231.833877741483,0,,,-0.03805064606136517,buy_and_hold
EPSI,2024-05-09,7391.885207652823,0,,,0.02189015257004455,buy_and_hold
EPSI,2024-05-10,7436.171255249649,0,,,0.005973295203679641,buy_and_hold
EPSI,2024-05-13,7498.327111525898,0,,,0.008323843711229658,buy_and_hold
EPSI,2024-05-14,7472.687820811946,0,,,-0.0034251940695279324,buy_and_hold
EPSI,2024-05-15,7505.319645356975,0,,,0.004357305368955626,buy_and_hold
EPSI,2024-05-16,7461.810545963602,0,,,-0.005813969865419845,buy_and_hold
EPSI,2024-05-17,7537.951469902006,0,,,0.010152371464017908,buy_and_hold
EPSI,2024-05-20,7564.367708819411,0,,,0.0034983058622012047,buy_and_hold
EPSI,2024-05-21,7562.036864209052,0,,,-0.0003081822408694438,buy_and_hold
EPSI,2024-05-22,7567.475501633224,0,,,0.0007189442100871688,buy_and_hold
EPSI,2024-05-23,7706.549230051329,0,,,0.018210992109412988,buy_and_hold
EPSI,2024-05-24,7716.6495566962185,0,,,0.00130975788206351,buy_and_hold
EPSI,2024-05-27,7628.077461502567,0,,,-0.011544432010059221,buy_and_hold
EPSI,2024-05-28,7666.924871675222,0,,,0.005079763031249472,buy_and_hold
EPSI,2024-05-29,7732.965468968735,0,,,0.008576814596816055,buy_and_hold
EPSI,2024-05-30,7718.203453103126,0,,,-0.001910796578767794,buy_and_hold
EPSI,2024-05-31,7711.987867475501,0,,,-0.0008056395199096989,buy_and_hold
EPSI,2024-06-03,7620.307979468034,0,,,-0.011959197971393587,buy_and_hold
EPSI,2024-06-04,7637.400839944003,0,,,0.0022405549652196087,buy_and_hold
EPSI,2024-06-05,7523.96640223985,0,,,-0.014963895083263068,buy_and_hold
EPSI,2024-06-06,7499.881007932804,0,,,-0.003206291209334004,buy_and_hold
EPSI,2024-06-07,7444.7176854876325,0,,,-0.007382409405547858,buy_and_hold
EPSI,2024-06-10,7528.628091460569,0,,,0.011208087441744554,buy_and_hold
EPSI,2024-06-11,7667.701819878674,0,,,0.018304105287195154,buy_and_hold
EPSI,2024-06-12,7564.367708819411,0,,,-0.013568175504644089,buy_and_hold
EPSI,2024-06-13,7572.914139057395,0,,,0.0011291896698468634,buy_and_hold
EPSI,2024-06-14,7541.83621091927,0,,,-0.004112270624983732,buy_and_hold
EPSI,2024-06-17,7572.137190853942,0,,,0.004009669691225336,buy_and_hold
EPSI,2024-06-18,7569.02939804013,0,,,-0.0004105090369634753,buy_and_hold
EPSI,2024-06-19,7526.297246850209,0,,,-0.005661654940103056,buy_and_hold
EPSI,2024-06-20,7527.074195053662,0,,,0.00010322580654326763,buy_and_hold
EPSI,2024-06-21,7508.427438170788,0,,,-0.002480365058331954,buy_and_hold
EPSI,2024-06-24,7644.393373775081,0,,,0.017946438691169214,buy_and_hold
EPSI,2024-06-25,7568.2524498366765,0,,,-0.010010298094809907,buy_and_hold
EPSI,2024-06-26,7587.676154923004,0,,,0.0025631838506499117,buy_and_hold
EPSI,2024-06-27,7632.739150723284,0,,,0.00592140576531824,buy_and_hold
EPSI,2024-06-28,7684.017732151189,0,,,0.006695774229834018,buy_and_hold
EPSI,2024-07-01,7663.040130657955,0,,,-0.0027337636627642655,buy_and_hold
EPSI,2024-07-02,7791.236584227718,0,,,0.016590798324190466,buy_and_hold
EPSI,2024-07-03,7593.891740550629,0,,,-0.025655381448083943,buy_and_hold
EPSI,2024-07-04,7492.8884741017255,0,,,-0.013389838529038502,buy_and_hold
EPSI,2024-07-05,7556.59822678488,0,,,0.008466751662669423,buy_and_hold
EPSI,2024-07-08,7482.788147456836,0,,,-0.009815649402866758,buy_and_hold
EPSI,2024-07-09,7393.439104059728,0,,,-0.012012470138016129,buy_and_hold
EPSI,2024-07-10,7353.8147456836205,0,,,-0.005373807779425056,buy_and_hold
EPSI,2024-07-11,7272.2351843210445,0,,,-0.01115549417178551,buy_and_hold
EPSI,2024-07-12,7330.506299580027,0,,,0.007980888331012832,buy_and_hold
EPSI,2024-07-15,7416.747550163322,0,,,0.011696039763191236,buy_and_hold
EPSI,2024-07-16,7424.517032197853,0,,,0.0010470108798584176,buy_and_hold
EPSI,2024-07-17,7533.289780681287,0,,,0.014544199863395463,buy_and_hold
EPSI,2024-07-18,7403.539430704619,0,,,-0.017373648960907487,buy_and_hold
EPSI,2024-07-19,7412.862809146056,0,,,0.001258521403657571,buy_and_hold
EPSI,2024-07-22,7534.06672888474,0,,,0.01621825755270036,buy_and_hold
EPSI,2024-07-23,7623.415772281847,0,,,0.011789567073833796,buy_and_hold
EPSI,2024-07-24,7756.273915072327,0,,,0.017277519958045107,buy_and_hold
EPSI,2024-07-25,7703.441437237517,0,,,-0.006834884382528754,buy_and_hold
EPSI,2024-07-26,7796.675221651889,0,,,0.012030220276542061,buy_and_hold
EPSI,2024-07-29,7768.705086327577,0,,,-0.003593894254589171,buy_and_hold
EPSI,2024-07-30,7825.422305179653,0,,,0.007274208748333661,buy_and_hold
EPSI,2024-07-31,7956.726551563228,0,,,0.0166399743512546,buy_and_hold
EPSI,2024-08-01,7877.477834811012,0,,,-0.010009897122857684,buy_and_hold
EPSI,2024-08-02,7709.657022865142,0,,,-0.021534079038338313,buy_and_hold
EPSI,2024-08-05,7876.7008866075585,0,,,0.021435445118053037,buy_and_hold
EPSI,2024-08-06,7933.418105459636,0,,,0.007174830523243451,buy_and_hold
EPSI,2024-08-07,7942.741483901073,0,,,0.001174513201476065,buy_and_hold
EPSI,2024-08-08,7928.756416238916,0,,,-0.0017622875130689668,buy_and_hold
EPSI,2024-08-09,7714.318712085861,0,,,-0.0274180282103509,buy_and_hold
EPSI,2024-08-12,7732.188520765281,0,,,0.002313767945366334,buy_and_hold
EPSI,2024-08-13,7693.341110592626,0,,,-0.00503677905759231,buy_and_hold
EPSI,2024-08-14,7704.2183854409695,0,,,0.0014128572337128327,buy_and_hold
EPSI,2024-08-15,7711.210919272048,0,,,0.0009072124003101875,buy_and_hold
EPSI,2024-08-16,7408.2011199253375,0,,,-0.040087587520871826,buy_and_hold
EPSI,2024-08-19,7457.148856742883,0,,,0.006585504383671422,buy_and_hold
EPSI,2024-08-20,7484.342043863741,0,,,0.003639960339432609,buy_and_hold
EPSI,2024-08-21,7521.635557629491,0,,,0.0049704979624478705,buy_and_hold
EPSI,2024-08-22,7517.750816612225,0,,,-0.0005166089901536906,buy_and_hold
EPSI,2024-08-23,7526.297246850209,0,,,0.0011361876964670681,buy_and_hold
EPSI,2024-08-26,7550.382641157256,0,,,0.0031950555394634284,buy_and_hold
EPSI,2024-08-27,7575.244983667755,0,,,0.0032874490260445593,buy_and_hold
EPSI,2024-08-28,7615.646290247316,0,,,0.005319161477599805,buy_and_hold
EPSI,2024-08-29,7655.270648623425,0,,,0.005189530852981856,buy_and_hold
EPSI,2024-08-30,7828.530097993466,0,,,0.022380381150026146,buy_and_hold
EPSI,2024-09-02,7768.705086327577,0,,,-0.0076712704966514795,buy_and_hold
EPSI,2024-09-03,7736.073261782546,0,,,-0.004209266587765145,buy_and_hold
EPSI,2024-09-04,7890.685954269715,0,,,0.0197888424364848,buy_and_hold
EPSI,2024-09-05,7877.477834811012,0,,,-0.0016752898719892954,buy_and_hold
EPSI,2024-09-06,7978.481101259915,0,,,0.012740274245715147,buy_and_hold
EPSI,2024-09-09,7997.904806346242,0,,,0.002431553014404918,buy_and_hold
EPSI,2024-09-10,7964.496033597759,0,,,-0.004185939429298283,buy_and_hold
EPSI,2024-09-11,8058.506766215584,0,,,0.011734605875153525,buy_and_hold
EPSI,2024-09-12,8124.547363509098,0,,,0.00816174294003375,buy_and_hold
EPSI,2024-09-13,7975.373308446103,0,,,-0.01853156014555479,buy_and_hold
EPSI,2024-09-16,7980.034997666821,0,,,0.0005843397127704156,buy_and_hold
EPSI,2024-09-17,7900.7862809146045,0,,,-0.00998051337466692,buy_and_hold
EPSI,2024-09-18,8028.205786280913,0,,,0.01599878042321745,buy_and_hold
EPSI,2024-09-19,8198.357442837143,0,,,0.020972758182795717,buy_and_hold
EPSI,2024-09-20,8381.717218852074,0,,,0.022118989862470056,buy_and_hold
EPSI,2024-09-23,8428.334111059263,0,,,0.005546325920556577,buy_and_hold
EPSI,2024-09-24,8378.609426038263,0,,,-0.005917177028088619,buy_and_hold
EPSI,2024-09-25,8422.118525431637,0,,,0.005179441841548861,buy_and_hold
EPSI,2024-09-26,8333.546430237984,0,,,-0.010572295450766612,buy_and_hold
EPSI,2024-09-27,8572.069528698086,0,,,0.028220081217435473,buy_and_hold
EPSI,2024-09-30,8697.935137657489,0,,,0.014576468272549133,buy_and_hold
EPSI,2024-10-01,8730.56696220252,0,,,0.003744654875047316,buy_and_hold
EPSI,2024-10-02,8845.555296313578,0,,,0.013084794589937573,buy_and_hold
EPSI,2024-10-03,8788.061129258049,0,,,-0.006520995966458878,buy_and_hold
EPSI,2024-10-04,8659.087727484834,0,,,-0.01478473671141188,buy_and_hold
EPSI,2024-10-07,8436.103593093792,0,,,-0.026088831354572958,buy_and_hold
EPSI,2024-10-08,8451.642557162855,0,,,0.0018402655175097505,buy_and_hold
EPSI,2024-10-09,8436.103593093792,0,,,-0.001840265517509724,buy_and_hold
EPSI,2024-10-10,8494.374708352776,0,,,0.006883602969088405,buy_and_hold
EPSI,2024-10-11,8495.151656556229,0,,,9.146202045974139e-05,buy_and_hold
EPSI,2024-10-14,8551.868875408305,0,,,0.006654233568447046,buy_and_hold
EPSI,2024-10-15,8636.556229584694,0,,,0.009854077839002669,buy_and_hold
EPSI,2024-10-16,8482.720485300979,0,,,-0.017972708520691508,buy_and_hold
EPSI,2024-10-17,8570.51563229118,0,,,0.010296687627678958,buy_and_hold
EPSI,2024-10-18,8547.207186187587,0,,,-0.002723313229946152,buy_and_hold
EPSI,2024-10-21,8588.385440970602,0,,,0.0048061756537727575,buy_and_hold
EPSI,2024-10-22,8699.489034064394,0,,,0.012853531866988566,buy_and_hold
EPSI,2024-10-23,8795.053663089127,0,,,0.010925187496977058,buy_and_hold
EPSI,2024-10-24,8809.815678954736,0,,,0.0016770382146657496,buy_and_hold
EPSI,2024-10-25,8826.908539430704,0,,,0.001938326598064738,buy_and_hold
EPSI,2024-10-28,8905.380307979467,0,,,0.00885077854177828,buy_and_hold
EPSI,2024-10-29,8750.7676154923,0,,,-0.017514199063986276,buy_and_hold
EPSI,2024-10-30,8648.987400839942,0,,,-0.01169917340191524,buy_and_hold
EPSI,2024-10-31,8604.701353243116,0,,,-0.005133527732444991,buy_and_hold
EPSI,2024-11-01,8475.727951469902,0,,,-0.015102179315579426,buy_and_hold
EPSI,2024-11-04,8461.742883807745,0,,,-0.0016513765220704856,buy_and_hold
EPSI,2024-11-05,8443.096126924871,0,,,-0.0022060860128347605,buy_and_hold
EPSI,2024-11-06,8456.304246383574,0,,,0.001563146840285329,buy_and_hold
EPSI,2024-11-07,8453.19645356976,0,,,-0.000367579493203307,buy_and_hold
EPSI,2024-11-08,8572.069528698086,0,,,0.013964540350372541,buy_and_hold
EPSI,2024-11-11,8644.325711619225,0,,,0.008393929874932541,buy_and_hold
EPSI,2024-11-12,8646.656556229584,0,,,0.0002696023381865625,buy_and_hold
EPSI,2024-11-13,8604.701353243116,0,,,-0.004863998060088813,buy_and_hold
EPSI,2024-11-14,8602.370508632757,0,,,-0.00027091705588549986,buy_and_hold
EPSI,2024-11-15,8603.924405039663,0,,,0.00018061952546159622,buy_and_hold
EPSI,2024-11-18,8849.440037330844,0,,,0.028135759058315342,buy_and_hold
EPSI,2024-11-19,8700.265982267849,0,,,-0.017000586532389086,buy_and_hold
EPSI,2024-11-20,8623.34811012599,0,,,-0.008880176756859324,buy_and_hold
EPSI,2024-11-21,8519.237050863276,0,,,-0.012146632299990657,buy_and_hold
EPSI,2024-11-22,8559.638357442836,0,,,0.00473115248807619,buy_and_hold
EPSI,2024-11-25,8586.831544563694,0,,,0.0031718727032421365,buy_and_hold
EPSI,2024-11-26,8528.560429304713,0,,,-0.0068092323559905445,buy_and_hold
EPSI,2024-11-27,8624.902006532897,0,,,0.011233019645330513,buy_and_hold
EPSI,2024-11-28,8657.533831077928,0,,,0.003776303714406893,buy_and_hold
EPSI,2024-11-29,8749.213719085394,0,,,0.010533930649971686,buy_and_hold
EPSI,2024-12-02,8887.510499300046,0,,,0.015683140828647923,buy_and_hold
EPSI,2024-12-03,8673.849743350442,0,,,-0.024334253869460726,buy_and_hold
EPSI,2024-12-04,8739.113392440504,0,,,0.0074960193942334346,buy_and_hold
EPSI,2024-12-05,8613.2477834811,0,,,-0.014507284070696284,buy_and_hold
EPSI,2024-12-06,8640.440970601958,0,,,0.0031521618390920013,buy_and_hold
EPSI,2024-12-09,8637.333177788147,0,,,-0.00035974458522680116,buy_and_hold
EPSI,2024-12-10,8640.440970601958,0,,,0.00035974458522692075,buy_and_hold
EPSI,2024-12-11,8525.4526364909,0,,,-0.013397502828042659,buy_and_hold
EPSI,2024-12-12,8633.448436770881,0,,,0.012587895443380629,buy_and_hold
EPSI,2024-12-13,8513.798413439103,0,,,-0.01395582233581875,buy_and_hold
EPSI,2024-12-16,8594.601026598226,0,,,0.009446028456262363,buy_and_hold
EPSI,2024-12-17,8453.973401773215,0,,,-0.01649766260361109,buy_and_hold
EPSI,2024-12-18,8446.980867942137,0,,,-0.0008274721200325352,buy_and_hold
EPSI,2024-12-19,8649.764349043397,0,,,0.023722993897727626,buy_and_hold
EPSI,2024-12-20,8900.718618758749,0,,,0.028599939471719592,buy_and_hold
EPSI,2024-12-23,8736.005599626691,0,,,-0.018678957174004297,buy_and_hold
EPSI,2024-12-24,8650.54129724685,0,,,-0.0098311632829695,buy_and_hold
EPSI,2024-12-25,8591.493233784413,0,,,-0.006849341845574895,buy_and_hold
EPSI,2024-12-26,8835.454969668688,0,,,0.028000045873012306,buy_and_hold
EPSI,2024-12-27,8833.124125058328,0,,,-0.0002638406417838762,buy_and_hold
EPSI,2024-12-30,8932.573495100325,0,,,0.011195778624633581,buy_and_hold
EPSI,2024-12-31,8975.305646290246,0,,,0.004772450378867337,buy_and_hold
GAMM,2023-10-20,9990.716642754662,1,,,-0.0011287668950105611,buy_and_hold
GAMM,2023-10-23,9962.050932568147,0,,,-0.002873358775995489,buy_and_hold
GAMM,2023-10-24,9739.891678622667,0,,,-0.02255297102174519,buy_and_hold
GAMM,2023-10-25,9752.791248206599,0,,,0.0013235296049701954,buy_and_hold
GAMM,2023-10-26,9826.605451936872,0,,,0.007540023277243541,buy_and_hold
GAMM,2023-10-27,9847.388091822093,0,,,0.0021127024942131246,buy_and_hold
GAMM,2023-10-30,10054.497847919656,0,,,0.020813829764732422,buy_and_hold
GAMM,2023-10-31,9946.284791965565,0,,,-0.010820987740667006,buy_and_hold
GAMM,2023-11-01,9877.487087517933,0,,,-0.006940957661400846,buy_and_hold
GAMM,2023-11-02,9919.769010043039,0,,,0.004271499707369638,buy_and_hold
GAMM,2023-11-03,9943.418220946915,0,,,0.0023812112128267556,buy_and_hold
GAMM,2023-11-06,9713.375896700141,0,,,-0.02340695291857718,buy_and_hold
GAMM,2023-11-07,9782.173601147775,0,,,0.007057814917047589,buy_and_hold
GAMM,2023-11-08,9808.689383070301,0,,,0.0027069555981606474,buy_and_hold
GAMM,2023-11-09,9552.131276901002,0,,,-0.026504364607248355,buy_and_hold
GAMM,2023-11-10,9517.015781922524,0,,,-0.003682968573593194,buy_and_hold
GAMM,2023-11-13,9423.852223816355,0,,,-0.009837385424514246,buy_and_hold
GAMM,2023-11-14,9379.420373027258,0,,,-0.004725978763382344,buy_and_hold
GAMM,2023-11-15,9226.775466284074,0,,,-0.016408333310591293,buy_and_hold
GAMM,2023-11-16,9292.706599713054,0,,,0.007120222016947161,buy_and_hold
GAMM,2023-11-17,9491.933285509323,0,,,0.021212454157285822,buy_and_hold
GAMM,2023-11-20,9536.36513629842,0,,,0.0046700898375724555,buy_and_hold
GAMM,2023-11-21,9293.423242467718,0,,,-0.025805428128230383,buy_and_hold
GAMM,2023-11-22,9334.988522238162,0,,,0.004462575690834826,buy_and_hold
GAMM,2023-11-23,9317.789096126255,0,,,-0.0018441683419326788,buy_and_hold
GAMM,2023-11-24,9208.859397417502,0,,,-0.011759380441048298,buy_and_hold
GAMM,2023-11-27,9250.424677187948,0,,,0.004503462848486702,buy_and_hold
GAMM,2023-11-28,9354.33787661406,0,,,0.011170718216937285,buy_and_hold
GAMM,2023-11-29,9284.823529411764,0,,,-0.00745899109756989,buy_and_hold
GAMM,2023-11-30,9100.646341463413,0,,,-0.0200357511021867,buy_and_hold
GAMM,2023-12-01,8886.370157819225,0,,,-0.023826777595904965,buy_and_hold
GAMM,2023-12-04,8836.205164992825,0,,,-0.005661155434738335,buy_and_hold
GAMM,2023-12-05,8819.005738880918,0,,,-0.0019483688579542788,buy_and_hold
GAMM,2023-12-06,8769.557388809182,0,,,-0.00562279931476752,buy_and_hold
GAMM,2023-12-07,8710.076040172165,0,,,-0.0068058152903677305,buy_and_hold
GAMM,2023-12-08,8780.307030129125,0,,,0.00803085525736538,buy_and_hold
GAMM,2023-12-11,8830.472022955522,0,,,0.005697093621849948,buy_and_hold
GAMM,2023-12-12,8833.338593974175,0,,,0.00032456994767265674,buy_and_hold
GAMM,2023-12-13,8925.78550932568,0,,,0.010411296174092154,buy_and_hold
GAMM,2023-12-14,8837.63845050215,0,,,-0.009924638690239906,buy_and_hold
GAMM,2023-12-15,8735.875179340028,0,,,-0.01158156653072371,buy_and_hold
GAMM,2023-12-18,8684.276901004303,0,,,-0.005923992970382899,buy_and_hold
GAMM,2023-12-19,8631.961979913916,0,,,-0.006042314455962586,buy_and_hold
GAMM,2023-12-20,8413.38593974175,0,,,-0.025647821666884365,buy_and_hold
GAMM,2023-12-21,8347.454806312768,0,,,-0.007867322945620219,buy_and_hold
GAMM,2023-12-22,8461.40100430416,0,,,0.01355808447064262,buy_and_hold
GAMM,2023-12-25,8544.53156384505,0,,,0.009776731899022267,buy_and_hold
GAMM,2023-12-26,8595.413199426112,0,,,0.00593721692232295,buy_and_hold
GAMM,2023-12-27,8611.179340028693,0,,,0.0018325702754607507,buy_and_hold
GAMM,2023-12-28,8785.323529411764,0,,,0.020021266091078207,buy_and_hold
GAMM,2023-12-29,8682.126972740316,0,,,-0.011816006844368015,buy_and_hold
GAMM,2024-01-01,8591.829985652797,0,,,-0.010454791542972594,buy_and_hold
GAMM,2024-01-02,8716.52582496413,0,,,0.01440899391078262,buy_and_hold
GAMM,2024-01-03,8733.008608321376,0,,,0.0018891951900032846,buy_and_hold
GAMM,2024-01-04,8662.777618364418,0,,,-0.00807452685586407,buy_and_hold
GAMM,2024-01-05,8704.342898134862,0,,,0.004786672504945067,buy_and_hold
GAMM,2024-01-08,8658.47776183644,0,,,-0.005283155758834057,buy_and_hold
GAMM,2024-01-09,8579.647058823528,0,,,-0.009146151726097018,buy_and_hold
GAMM,2024-01-10,8484.33357245337,0,,,-0.011171423560953327,buy_and_hold
GAMM,2024-01-11,8516.582496413199,0,,,0.0037937911708622036,buy_and_hold
GAMM,2024-01-12,8533.781922525106,0,,,0.0020174855531686874,buy_and_hold
GAMM,2024-01-15,8702.909612625537,0,,,0.01962477749974435,buy_and_hold
GAMM,2024-01-16,8679.977044476327,0,,,-0.0026385239581810604,buy_and_hold
GAMM,2024-01-17,8654.894548063126,0,,,-0.002893879401854883,buy_and_hold
GAMM,2024-01-18,8811.122668579626,0,,,0.017889858374917803,buy_and_hold
GAMM,2024-01-19,8916.469153515063,0,,,0.01188517042467213,buy_and_hold
GAMM,2024-01-22,8935.101865136297,0,,,0.002087515812262693,buy_and_hold
GAMM,2024-01-23,8759.524390243902,0,,,-0.019845939109964964,buy_and_hold
GAMM,2024-01-24,8657.044476327115,0,,,-0.011768230288456857,buy_and_hold
GAMM,2024-01-25,8550.264705882351,0,,,-0.01241113761300574,buy_and_hold
GAMM,2024-01-26,8558.147776183643,0,,,0.0009215432311374876,buy_and_hold
GAMM,2024-01-29,8517.29913916786,0,,,-0.004784497312643502,buy_and_hold
GAMM,2024-01-30,8697.893113342898,0,,,0.0209815373120673,buy_and_hold
GAMM,2024-01-31,8550.981348637015,0,,,-0.01703477147172238,buy_and_hold
GAMM,2024-02-01,8427.002152080344,0,,,-0.014604961811223324,buy_and_hold
GAMM,2024-02-02,8452.084648493543,0,,,0.002972022737033559,buy_and_hold
GAMM,2024-02-05,8511.565997130558,0,,,0.00701282921379067,buy_and_hold
GAMM,2024-02-06,8270.774031563844,0,,,-0.028697844353835426,buy_and_hold
GAMM,2024-02-07,8113.112625538019,0,,,-0.019246504342295457,buy_and_hold
GAMM,2024-02-08,8098.0631276900995,0,,,-0.0018566823776773773,buy_and_hold
GAMM,2024-02-09,8229.2087517934,0,,,0.016064955075757455,buy_and_hold
GAMM,2024-02-12,8410.519368723099,0,,,0.02179336004662831,buy_and_hold
GAMM,2024-02-13,8377.553802008608,0,,,-0.003927265356703501,buy_and_hold
GAMM,2024-02-14,8353.18794835007,0,,,-0.002912706591073428,buy_and_hold
GAMM,2024-02-15,8269.340746054519,0,,,-0.010088466680373035,buy_and_hold
GAMM,2024-02-16,8333.121951219511,0,,,0.007683380484098788,buy_and_hold
GAMM,2024-02-19,8500.099713055954,0,,,0.019839724350509264,buy_and_hold
GAMM,2024-02-20,8627.662123385939,0,,,0.014895672905750557,buy_and_hold
GAMM,2024-02-21,8606.162840746054,0,,,-0.0024950112743430536,buy_and_hold
GAMM,2024-02-22,8525.182209469152,0,,,-0.009454159520692352,buy_and_hold
GAMM,2024-02-23,8521.598995695838,0,,,-0.00042039770241217994,buy_and_hold
GAMM,2024-02-26,8664.927546628407,0,,,0.016679562736668072,buy_and_hold
GAMM,2024-02-27,8624.078909612625,0,,,-0.004725397393949729,buy_and_hold
GAMM,2024-02-28,8435.601865136297,0,,,-0.022097097367816423,buy_and_hold
GAMM,2024-02-29,8406.936154949784,0,,,-0.0034039689067601837,buy_and_hold
GAMM,2024-03-01,8368.23744619799,0,,,-0.004613815430005478,buy_and_hold
GAMM,2024-03-04,8182.626972740315,0,,,-0.0224300375515104,buy_and_hold
GAMM,2024-03-05,8212.00932568149,0,,,0.0035843899022435983,buy_and_hold
GAMM,2024-03-06,8258.591104734576,0,,,0.005656369777971104,buy_and_hold
GAMM,2024-03-07,8431.302008608322,0,,,0.020697204957043913,buy_and_hold
GAMM,2024-03-08,8303.022955523673,0,,,-0.015331549504893486,buy_and_hold
GAMM,2024-03-11,8386.153515064561,0,,,0.009962294691611848,buy_and_hold
GAMM,2024-03-12,8485.050215208033,0,,,0.011723862089815242,buy_and_hold
GAMM,2024-03-13,8523.032281205165,0,,,0.004466362289248794,buy_and_hold
GAMM,2024-03-14,8427.718794835006,0,,,-0.011246049274627665,buy_and_hold
GAMM,2024-03-15,8308.039454806312,0,,,-0.014302474782216384,buy_and_hold
GAMM,2024-03-18,8321.655667144907,0,,,0.0016375784741192155,buy_and_hold
GAMM,2024-03-19,8324.522238163558,0,,,0.00034441192005667617,buy_and_hold
GAMM,2024-03-20,8260.741032998565,0,,,-0.00769134846356469,buy_and_hold
GAMM,2024-03-21,8386.870157819225,0,,,0.015153109573753532,buy_and_hold
GAMM,2024-03-22,8346.738163558106,0,,,-0.0047965830721143545,buy_and_hold
GAMM,2024-03-25,8153.2446197991385,0,,,-0.02345486256293543,buy_and_hold
GAMM,2024-03-26,8137.478479196556,0,,,-0.0019355980000576609,buy_and_hold
GAMM,2024-03-27,8181.910329985652,0,,,0.0054452971366683615,buy_and_hold
GAMM,2024-03-28,8224.908895265422,0,,,0.0052415600043410155,buy_and_hold
GAMM,2024-03-29,8261.457675753227,0,,,0.004433825998689621,buy_and_hold
GAMM,2024-04-01,8405.50286944046,0,,,0.017285548842147294,buy_and_hold
GAMM,2024-04-02,8287.25681492109,0,,,-0.014167583385268492,buy_and_hold
GAMM,2024-04-03,8233.508608321377,0,,,-0.0065067682828716875,buy_and_hold
GAMM,2024-04-04,8389.736728837875,0,,,0.018796897626307575,buy_and_hold
GAMM,2024-04-05,8190.510043041607,0,,,-0.024032968582074352,buy_and_hold
GAMM,2024-04-08,8167.577474892395,0,,,-0.0028038220418628358,buy_and_hold
GAMM,2024-04-09,8285.823529411764,0,,,0.014373695786686194,buy_and_hold
GAMM,2024-04-10,8400.486370157818,0,,,0.013743559393953155,buy_and_hold
GAMM,2024-04-11,8481.46700143472,0,,,0.009593824911709934,buy_and_hold
GAMM,2024-04-12,8538.798421807747,0,,,0.006736867584758369,buy_and_hold
GAMM,2024-04-15,8421.26901004304,0,,,-0.013859767198901514,buy_and_hold
GAMM,2024-04-16,8571.047345767574,0,,,0.017629405170681626,buy_and_hold
GAMM,2024-04-17,8459.967718794835,0,,,-0.0130445779850094,buy_and_hold
GAMM,2024-04-18,8339.571736011478,0,,,-0.014333493411536353,buy_and_hold
GAMM,2024-04-19,8374.687230989955,0,,,0.004201867006305337,buy_and_hold
GAMM,2024-04-22,8331.688665710186,0,,,-0.00514757485308632,buy_and_hold
GAMM,2024-04-23,8335.2718794835,0,,,0.00042997807774294963,buy_and_hold
GAMM,2024-04-24,8364.654232424677,0,,,0.0035188638635827605,buy_and_hold
GAMM,2024-04-25,8540.231707317073,0,,,0.020773140888184532,buy_and_hold
GAMM,2024-04-26,8596.846484935437,0,,,0.00660730877809348,buy_and_hold
GAMM,2024-04-29,8528.765423242467,0,,,-0.007950830686459942,buy_and_hold
GAMM,2024-04-30,8598.996413199426,0,,,0.008200882781949147,buy_and_hold
GAMM,2024-05-01,8522.315638450502,0,,,-0.008957407846400593,buy_and_hold
GAMM,2024-05-02,8633.395265423242,0,,,0.01294976114886438,buy_and_hold
GAMM,2024-05-03,8635.54519368723,0,,,0.0002489936519484279,buy_and_hold
GAMM,2024-05-06,8677.827116212338,0,,,0.004884317835565348,buy_and_hold
GAMM,2024-05-07,8507.982783357244,0,,,-0.019766291347204794,buy_and_hold
GAMM,2024-05-08,8266.474175035866,0,,,-0.0287967947993077,buy_and_hold
GAMM,2024-05-09,8126.728837876613,0,,,-0.017049593326110796,buy_and_hold
GAMM,2024-05-10,8290.123385939742,0,,,0.019906367116802937,buy_and_hold
GAMM,2024-05-13,8177.610473457675,0,,,-0.013664862963866316,buy_and_hold
GAMM,2024-05-14,8248.558106169296,0,,,0.008638420281248642,buy_and_hold
GAMM,2024-05-15,8178.327116212338,0,,,-0.008550789382537576,buy_and_hold
GAMM,2024-05-16,8148.228120516499,0,,,-0.0036871255888088696,buy_and_hold
GAMM,2024-05-17,8147.5114777618355,0,,,-8.795461547518014e-05,buy_and_hold
GAMM,2024-05-20,8316.639167862266,0,,,0.020545686579430785,buy_and_hold
GAMM,2024-05-21,8375.403873744619,0,,,0.007041073224619547,buy_and_hold
GAMM,2024-05-22,8416.252510760401,0,,,0.004865358921139844,buy_and_hold
GAMM,2024-05-23,8553.131276901004,0,,,0.016132787918633706,buy_and_hold
GAMM,2024-05-24,8481.46700143472,0,,,-0.008414016824846186,buy_and_hold
GAMM,2024-05-27,8597.5631276901,0,,,0.013595375566843771,buy_and_hold
GAMM,2024-05-28,8699.326398852223,0,,,0.011766791382875452,buy_and_hold
GAMM,2024-05-29,8815.422525107604,0,,,0.013257149970981569,buy_and_hold
GAMM,2024-05-30,8796.78981348637,0,,,-0.0021158862060636783,buy_and_hold
GAMM,2024-05-31,8748.77474892396,0,,,-0.005473199138483082,buy_and_hold
GAMM,2024-06-03,8664.927546628407,0,,,-0.009630100349991481,buy_and_hold
GAMM,2024-06-04,8589.680057388809,0,,,-0.008722072156116234,buy_and_hold
GAMM,2024-06-05,8492.216642754662,0,,,-0.011411434454853332,buy_and_hold
GAMM,2024-06-06,8527.332137733141,0,,,0.004126495391876359,buy_and_hold
GAMM,2024-06-07,8510.132711621232,0,,,-0.0020190130523116104,buy_and_hold
GAMM,2024-06-10,8548.831420373026,0,,,0.004537060379103866,buy_and_hold
GAMM,2024-06-11,8596.846484935437,0,,,0.005600850586953949,buy_and_hold
GAMM,2024-06-12,8490.066714490673,0,,,-0.012498589914140674,buy_and_hold
GAMM,2024-06-13,8388.30344332855,0,,,-0.012058570029747931,buy_and_hold
GAMM,2024-06-14,8361.787661406026,0,,,-0.003166048937398946,buy_and_hold
GAMM,2024-06-17,8270.774031563844,0,,,-0.010944139567207372,buy_and_hold
GAMM,2024-06-18,8169.727403156384,0,,,-0.012292557037817904,buy_and_hold
GAMM,2024-06-19,8327.388809182208,0,,,0.019114396023315234,buy_and_hold
GAMM,2024-06-20,8165.427546628406,0,,,-0.019640850365561326,buy_and_hold
GAMM,2024-06-21,8363.937589670013,0,,,0.02402023137201278,buy_and_hold
GAMM,2024-06-24,8384.720229555236,0,,,0.0024817093734938616,buy_and_hold
GAMM,2024-06-25,8479.31707317073,0,,,0.011218883604788244,buy_and_hold
GAMM,2024-06-26,8563.164275466283,0,,,0.00983986745911814,buy_and_hold
GAMM,2024-06-27,8624.078909612625,0,,,0.007088383930543232,buy_and_hold
GAMM,2024-06-28,8808.972740315638,0,,,0.021212667470078165,buy_and_hold
GAMM,2024-07-01,8701.476327116212,0,,,-0.012278127559995832,buy_and_hold
GAMM,2024-07-02,8686.426829268292,0,,,-0.0017310312198674386,buy_and_hold
GAMM,2024-07-03,8595.413199426112,0,,,-0.010532960742056917,buy_and_hold
GAMM,2024-07-04,8418.402439024389,0,,,-0.020808635904569203,buy_and_hold
GAMM,2024-07-05,8355.33787661406,0,,,-0.0075194748905944965,buy_and_hold
GAMM,2024-07-08,8549.54806312769,0,,,0.022977822158670416,buy_and_hold
GAMM,2024-07-09,8525.898852223816,0,,,-0.0027699686154357807,buy_and_hold
GAMM,2024-07-10,8730.142037302725,0,,,0.023673184919903847,buy_and_hold
GAMM,2024-07-11,8933.668579626972,0,,,0.023045485972365956,buy_and_hold
GAMM,2024-07-12,9257.591104734576,0,,,0.03561674922362213,buy_and_hold
GAMM,2024-07-15,9477.600430416069,0,,,0.02348729013408219,buy_and_hold
GAMM,2024-07-16,9744.908177905307,0,,,0.027813745359904708,buy_and_hold
GAMM,2024-07-17,9802.239598278335,0,,,0.005865979571636493,buy_and_hold
GAMM,2024-07-18,9822.305595408894,0,,,0.0020449904877276478,buy_and_hold
GAMM,2024-07-19,9862.437589670013,0,,,0.004077477616656079,buy_and_hold
GAMM,2024-07-22,9865.304160688664,0,,,0.0002906131958842243,buy_and_hold
GAMM,2024-07-23,9885.370157819225,0,,,0.0020319310329272545,buy_and_hold
GAMM,2024-07-24,9976.383787661405,0,,,0.009164776397330677,buy_and_hold
GAMM,2024-07-25,9924.068866571017,0,,,-0.005257673532522221,buy_and_hold
GAMM,2024-07-26,9770.70731707317,0,,,-0.015574144933314623,buy_and_hold
GAMM,2024-07-29,9828.75538020086,0,,,0.0059234514489730685,buy_and_hold
GAMM,2024-07-30,9749.208034433284,0,,,-0.008126257244617598,buy_and_hold
GAMM,2024-07-31,9690.443328550931,0,,,-0.006045878476462897,buy_and_hold
GAMM,2024-08-01,9669.66068866571,0,,,-0.0021469562198357522,buy_and_hold
GAMM,2024-08-02,9635.261836441892,0,,,-0.0035637427278224325,buy_and_hold
GAMM,2024-08-05,9758.5243902439,0,,,0.012711722421610172,buy_and_hold
GAMM,2024-08-06,9751.357962697273,0,,,-0.0007346459337166506,buy_and_hold
GAMM,2024-08-07,9909.73601147776,0,,,0.01611115585065664,buy_and_hold
GAMM,2024-08-08,9935.535150645623,0,,,0.00260003035392682,buy_and_hold
GAMM,2024-08-09,9905.436154949784,0,,,-0.0030340267441022273,buy_and_hold
GAMM,2024-08-12,9921.202295552366,0,,,0.001590400103895156,buy_and_hold
GAMM,2024-08-13,9780.740315638448,0,,,-0.014258935023774622,buy_and_hold
GAMM,2024-08-14,9828.038737446195,0,,,0.004824218112849445,buy_and_hold
GAMM,2024-08-15,9931.951936872309,0,,,0.010517632224492823,buy_and_hold
GAMM,2024-08-16,10061.664275466283,0,,,0.012975557510999604,buy_and_hold
GAMM,2024-08-19,9904.71951219512,0,,,-0.015721223975775384,buy_and_hold
GAMM,2024-08-20,9737.025107604017,0,,,-0.017075721379702997,buy_and_hold
GAMM,2024-08-21,9684.710186513628,0,,,-0.00538726811220372,buy_and_hold
GAMM,2024-08-22,9861.720946915351,0,,,0.018112319153161992,buy_and_hold
GAMM,2024-08-23,9892.536585365851,0,,,0.0031199009526121937,buy_and_hold
GAMM,2024-08-26,9810.83931133429,0,,,-0.008292765935399248,buy_and_hold
GAMM,2024-08-27,9638.845050215206,0,,,-0.017686533252509577,buy_and_hold
GAMM,2024-08-28,9555.714490674318,0,,,-0.008661941851979766,buy_and_hold
GAMM,2024-08-29,9486.916786226684,0,,,-0.007225682499137346,buy_and_hold
GAMM,2024-08-30,9597.279770444762,0,,,0.011566032050388503,buy_and_hold
GAMM,2024-09-02,9722.692252510758,0,,,0.01298285975605186,buy_and_hold
GAMM,2024-09-03,9603.012912482065,0,,,-0.012385666546305688,buy_and_hold
GAMM,2024-09-04,9686.143472022954,0,,,0.008619461895177708,buy_and_hold
GAMM,2024-09-05,9763.540889526543,0,,,0.00795877450834383,buy_and_hold
GAMM,2024-09-06,9640.278335724533,0,,,-0.01270514948236404,buy_and_hold
GAMM,2024-09-09,9637.411764705881,0,,,-0.0002973977717088458,buy_and_hold
GAMM,2024-09-10,9662.494261119082,0,,,0.002599236545623189,buy_and_hold
GAMM,2024-09-11,9681.126972740314,0,,,0.0019264973356066361,buy_and_hold
GAMM,2024-09-12,9500.532998565279,0,,,-0.018830415170831654,buy_and_hold
GAMM,2024-09-13,9515.582496413199,0,,,0.0015828154802551176,buy_and_hold
GAMM,2024-09-16,9573.630559540888,0,,,0.0060817847107073,buy_and_hold
GAMM,2024-09-17,9773.573888091822,0,,,0.02066969909078624,buy_and_hold
GAMM,2024-09-18,9703.342898134862,0,,,-0.007211746614332238,buy_and_hold
GAMM,2024-09-19,9640.994978479195,0,,,-0.006446137980723082,buy_and_hold
GAMM,2024-09-20,9615.195839311333,0,,,-0.002679569895071254,buy_and_hold
GAMM,2024-09-23,9660.344332855093,0,,,0.004684545875826385,buy_and_hold
GAMM,2024-09-24,9668.227403156383,0,,,0.0008156909725190072,buy_and_hold
GAMM,2024-09-25,9750.64131994261,0,,,0.0084880754661889,buy_and_hold
GAMM,2024-09-26,9625.945480631275,0,,,-0.012870952147629322,buy_and_hold
GAMM,2024-09-27,9675.393830703011,0,,,0.005123836999869466,buy_and_hold
GAMM,2024-09-30,9592.263271162123,0,,,-0.008629079802793137,buy_and_hold
GAMM,2024-10-01,9575.780487804877,0,,,-0.0017198194690302392,buy_and_hold
GAMM,2024-10-02,9782.890243902437,0,,,0.021397921517555072,buy_and_hold
GAMM,2024-10-03,9612.329268292682,0,,,-0.017588393100887275,buy_and_hold
GAMM,2024-10-04,9567.180774748924,0,,,-0.004708001073694696,buy_and_hold
GAMM,2024-10-07,9428.152080344333,0,,,-0.01463845651944804,buy_and_hold
GAMM,2024-10-08,9452.517934002868,0,,,0.002581038402412661,buy_and_hold
GAMM,2024-10-09,9577.213773314203,0,,,0.013105557765286803,buy_and_hold
GAMM,2024-10-10,9602.296269727403,0,,,0.00261555281196107,buy_and_hold
GAMM,2024-10-11,9587.963414634145,0,,,-0.0014937638149888975,buy_and_hold
GAMM,2024-10-14,9749.208034433284,0,,,0.016677553653466834,buy_and_hold
GAMM,2024-10-15,9789.340028694403,0,,,0.004107986997695041,buy_and_hold
GAMM,2024-10-16,9882.503586800573,0,,,0.009471837662566342,buy_and_hold
GAMM,2024-10-17,9966.350789096125,0,,,0.008448618691263222,buy_and_hold
GAMM,2024-10-18,9643.144906743184,0,,,-0.03296720726588148,buy_and_hold
GAMM,2024-10-21,9620.212338593974,0,,,-0.002380953505741736,buy_and_hold
GAMM,2024-10-22,9501.966284074604,0,,,-0.012367582592268785,buy_and_hold
GAMM,2024-10-23,9393.753228120517,0,,,-0.011453836296013351,buy_and_hold
GAMM,2024-10-24,9560.730989956957,0,,,0.01761926936010075,buy_and_hold
GAMM,2024-10-25,9514.865853658537,0,,,-0.004808785282903946,buy_and_hold
GAMM,2024-10-28,9714.092539454807,0,,,0.020722268036863903,buy_and_hold
GAMM,2024-10-29,9554.997847919656,0,,,-0.016513317817307388,buy_and_hold
GAMM,2024-10-30,9428.868723098994,0,,,-0.013288228749620424,buy_and_hold
GAMM,2024-10-31,9497.666427546628,0,,,0.007270005514840736,buy_and_hold
GAMM,2024-11-01,9468.284074605452,0,,,-0.003098434369998506,buy_and_hold
GAMM,2024-11-04,9517.732424677188,0,,,0.0052089348895705476,buy_and_hold
GAMM,2024-11-05,9519.882352941177,0,,,0.0002258610963864294,buy_and_hold
GAMM,2024-11-06,9509.132711621232,0,,,-0.001129815960200957,buy_and_hold
GAMM,2024-11-07,9476.167144906742,0,,,-0.0034727499796136487,buy_and_hold
GAMM,2024-11-08,9510.56599713056,0,,,0.0036234658804264854,buy_and_hold
GAMM,2024-11-11,9600.146341463415,0,,,0.009374951476846008,buy_and_hold
GAMM,2024-11-12,9798.65638450502,0,,,0.020466930394986316,buy_and_hold
GAMM,2024-11-13,9765.69081779053,0,,,-0.0033699665592609018,buy_and_hold
GAMM,2024-11-14,9721.975609756097,0,,,-0.004486456243795876,buy_and_hold
GAMM,2024-11-15,9665.360832137732,0,,,-0.0058404039891672655,buy_and_hold
GAMM,2024-11-18,9819.439024390244,0,,,0.015815549045986917,buy_and_hold
GAMM,2024-11-19,9905.436154949784,0,,,0.008719718088495197,buy_and_hold
GAMM,2024-11-20,9702.626255380199,0,,,-0.020687116156228893,buy_and_hold
GAMM,2024-11-21,9483.333572453372,0,,,-0.022860699722061294,buy_and_hold
GAMM,2024-11-22,9403.069583931134,0,,,-0.00849970966733372,buy_and_hold
GAMM,2024-11-25,9431.735294117647,0,,,0.003043910728607856,buy_and_hold
GAMM,2024-11-26,9428.152080344333,0,,,-0.0003799825253760653,buy_and_hold
GAMM,2024-11-27,9491.216642754662,0,,,0.006666691358189297,buy_and_hold
GAMM,2024-11-28,9465.417503586801,0,,,-0.00272191306717281,buy_and_hold
GAMM,2024-11-29,9616.629124820658,0,,,0.015848906500993635,buy_and_hold
GAMM,2024-12-02,9718.392395982783,0,,,0.010526412986987603,buy_and_hold
GAMM,2024-12-03,9742.041606886656,0,,,0.0024304928186381462,buy_and_hold
GAMM,2024-12-04,9868.170731707316,0,,,0.01286379381611698,buy_and_hold
GAMM,2024-12-05,9683.276901004303,0,,,-0.018914133235064537,buy_and_hold
GAMM,2024-12-06,9673.960545193688,0,,,-0.0009625708788088232,buy_and_hold
GAMM,2024-12-09,9694.743185078909,0,,,0.002146002969589063,buy_and_hold
GAMM,2024-12-10,9770.70731707317,0,,,0.0078050613443142085,buy_and_hold
GAMM,2024-12-11,9580.796987087517,0,,,-0.019628078939607992,buy_and_hold
GAMM,2024-12-12,9552.847919655667,0,,,-0.0029214598103680517,buy_and_hold
GAMM,2024-12-13,9613.762553802007,0,,,0.006356349686970001,buy_and_hold
GAMM,2024-12-16,9673.243902439022,0,,,0.006168042443627221,buy_and_hold
GAMM,2024-12-17,9818.005738880916,0,,,0.01485430651286444,buy_and_hold
GAMM,2024-12-18,9901.852941176468,0,,,0.008503885240453321,buy_and_hold
GAMM,2024-12-19,9916.902439024389,0,,,0.0015187130020869858,buy_and_hold
GAMM,2024-12-20,10003.616212338593,0,,,0.008706030454001791,buy_and_hold
GAMM,2024-12-23,9987.850071736011,0,,,-0.0015772873932485,buy_and_hold
GAMM,2024-12-24,9991.433285509323,0,,,0.00035869292683429597,buy_and_hold
GAMM,2024-12-25,10081.013629842178,0,,,0.008925761711351909,buy_and_hold
GAMM,2024-12-26,10088.89670014347,0,,,0.0007816664103808931,buy_and_hold
GAMM,2024-12-27,10136.911764705881,0,,,0.004747909567590787,buy_and_hold
GAMM,2024-12-30,10237.241750358678,0,,,0.009848830929205844,buy_and_hold
GAMM,2024-12-31,10336.855093256814,0,,,0.009683450218279932,buy_and_hold
ALFA,2023-10-20,10000.0,0,,,0.0,cash
ALFA,2023-10-23,10000.0,0,,,0.0,cash
ALFA,2023-10-24,10000.0,0,,,0.0,cash
ALFA,2023-10-25,10000.0,0,,,0.0,cash
ALFA,2023-10-26,10000.0,0,,,0.0,cash
ALFA,2023-10-27,10000.0,0,,,0.0,cash
ALFA,2023-10-30,10000.0,0,,,0.0,cash
ALFA,2023-10-31,10000.0,0,,,0.0,cash
ALFA,2023-11-01,10000.0,0,,,0.0,cash
ALFA,2023-11-02,10000.0,0,,,0.0,cash
ALFA,2023-11-03,10000.0,0,,,0.0,cash
ALFA,2023-11-06,10000.0,0,,,0.0,cash
ALFA,2023-11-07,10000.0,0,,,0.0,cash
ALFA,2023-11-08,10000.0,0,,,0.0,cash
ALFA,2023-11-09,10000.0,0,,,0.0,cash
ALFA,2023-11-10,10000.0,0,,,0.0,cash
ALFA,2023-11-13,10000.0,0,,,0.0,cash
ALFA,2023-11-14,10000.0,0,,,0.0,cash
ALFA,2023-11-15,10000.0,0,,,0.0,cash
ALFA,2023-11-16,10000.0,0,,,0.0,cash
ALFA,2023-11-17,10000.0,0,,,0.0,cash
ALFA,2023-11-20,10000.0,0,,,0.0,cash
ALFA,2023-11-21,10000.0,0,,,0.0,cash
ALFA,2023-11-22,10000.0,0,,,0.0,cash
ALFA,2023-11-23,10000.0,0,,,0.0,cash
ALFA,2023-11-24,10000.0,0,,,0.0,cash
ALFA,2023-11-27,10000.0,0,,,0.0,cash
ALFA,2023-11-28,10000.0,0,,,0.0,cash
ALFA,2023-11-29,10000.0,0,,,0.0,cash
ALFA,2023-11-30,10000.0,0,,,0.0,cash
ALFA,2023-12-01,10000.0,0,,,0.0,cash
ALFA,2023-12-04,10000.0,0,,,0.0,cash
ALFA,2023-12-05,10000.0,0,,,0.0,cash
ALFA,2023-12-06,10000.0,0,,,0.0,cash
ALFA,2023-12-07,10000.0,0,,,0.0,cash
ALFA,2023-12-08,10000.0,0,,,0.0,cash
ALFA,2023-12-11,10000.0,0,,,0.0,cash
ALFA,2023-12-12,10000.0,0,,,0.0,cash
ALFA,2023-12-13,10000.0,0,,,0.0,cash
ALFA,2023-12-14,10000.0,0,,,0.0,cash
ALFA,2023-12-15,10000.0,0,,,0.0,cash
ALFA,2023-12-18,10000.0,0,,,0.0,cash
ALFA,2023-12-19,10000.0,0,,,0.0,cash
ALFA,2023-12-20,10000.0,0,,,0.0,cash
ALFA,2023-12-21,10000.0,0,,,0.0,cash
ALFA,2023-12-22,10000.0,0,,,0.0,cash
ALFA,2023-12-25,10000.0,0,,,0.0,cash
ALFA,2023-12-26,10000.0,0,,,0.0,cash
ALFA,2023-12-27,10000.0,0,,,0.0,cash
ALFA,2023-12-28,10000.0,0,,,0.0,cash
ALFA,2023-12-29,10000.0,0,,,0.0,cash
ALFA,2024-01-01,10000.0,0,,,0.0,cash
ALFA,2024-01-02,10000.0,0,,,0.0,cash
ALFA,2024-01-03,10000.0,0,,,0.0,cash
ALFA,2024-01-04,10000.0,0,,,0.0,cash
ALFA,2024-01-05,10000.0,0,,,0.0,cash
ALFA,2024-01-08,10000.0,0,,,0.0,cash
ALFA,2024-01-09,10000.0,0,,,0.0,cash
ALFA,2024-01-10,10000.0,0,,,0.0,cash
ALFA,2024-01-11,10000.0,0,,,0.0,cash
ALFA,2024-01-12,10000.0,0,,,0.0,cash
ALFA,2024-01-15,10000.0,0,,,0.0,cash
ALFA,2024-01-16,10000.0,0,,,0.0,cash
ALFA,2024-01-17,10000.0,0,,,0.0,cash
ALFA,2024-01-18,10000.0,0,,,0.0,cash
ALFA,2024-01-19,10000.0,0,,,0.0,cash
ALFA,2024-01-22,10000.0,0,,,0.0,cash
ALFA,2024-01-23,10000.0,0,,,0.0,cash
ALFA,2024-01-24,10000.0,0,,,0.0,cash
ALFA,2024-01-25,10000.0,0,,,0.0,cash
ALFA,2024-01-26,10000.0,0,,,0.0,cash
ALFA,2024-01-29,10000.0,0,,,0.0,cash
ALFA,2024-01-30,10000.0,0,,,0.0,cash
ALFA,2024-01-31,10000.0,0,,,0.0,cash
ALFA,2024-02-01,10000.0,0,,,0.0,cash
ALFA,2024-02-02,10000.0,0,,,0.0,cash
ALFA,2024-02-05,10000.0,0,,,0.0,cash
ALFA,2024-02-06,10000.0,0,,,0.0,cash
ALFA,2024-02-07,10000.0,0,,,0.0,cash
ALFA,2024-02-08,10000.0,0,,,0.0,cash
ALFA,2024-02-09,10000.0,0,,,0.0,cash
ALFA,2024-02-12,10000.0,0,,,0.0,cash
ALFA,2024-02-13,10000.0,0,,,0.0,cash
ALFA,2024-02-14,10000.0,0,,,0.0,cash
ALFA,2024-02-15,10000.0,0,,,0.0,cash
ALFA,2024-02-16,10000.0,0,,,0.0,cash
ALFA,2024-02-19,10000.0,0,,,0.0,cash
ALFA,2024-02-20,10000.0,0,,,0.0,cash
ALFA,2024-02-21,10000.0,0,,,0.0,cash
ALFA,2024-02-22,10000.0,0,,,0.0,cash
ALFA,2024-02-23,10000.0,0,,,0.0,cash
ALFA,2024-02-26,10000.0,0,,,0.0,cash
ALFA,2024-02-27,10000.0,0,,,0.0,cash
ALFA,2024-02-28,10000.0,0,,,0.0,cash
ALFA,2024-02-29,10000.0,0,,,0.0,cash
ALFA,2024-03-01,10000.0,0,,,0.0,cash
ALFA,2024-03-04,10000.0,0,,,0.0,cash
ALFA,2024-03-05,10000.0,0,,,0.0,cash
ALFA,2024-03-06,10000.0,0,,,0.0,cash
ALFA,2024-03-07,10000.0,0,,,0.0,cash
ALFA,2024-03-08,10000.0,0,,,0.0,cash
ALFA,2024-03-11,10000.0,0,,,0.0,cash
ALFA,2024-03-12,10000.0,0,,,0.0,cash
ALFA,2024-03-13,10000.0,0,,,0.0,cash
ALFA,2024-03-14,10000.0,0,,,0.0,cash
ALFA,2024-03-15,10000.0,0,,,0.0,cash
ALFA,2024-03-18,10000.0,0,,,0.0,cash
ALFA,2024-03-19,10000.0,0,,,0.0,cash
ALFA,2024-03-20,10000.0,0,,,0.0,cash
ALFA,2024-03-21,10000.0,0,,,0.0,cash
ALFA,2024-03-22,10000.0,0,,,0.0,cash
ALFA,2024-03-25,10000.0,0,,,0.0,cash
ALFA,2024-03-26,10000.0,0,,,0.0,cash
ALFA,2024-03-27,10000.0,0,,,0.0,cash
ALFA,2024-03-28,10000.0,0,,,0.0,cash
ALFA,2024-03-29,10000.0,0,,,0.0,cash
ALFA,2024-04-01,10000.0,0,,,0.0,cash
ALFA,2024-04-02,10000.0,0,,,0.0,cash
ALFA,2024-04-03,10000.0,0,,,0.0,cash
ALFA,2024-04-04,10000.0,0,,,0.0,cash
ALFA,2024-04-05,10000.0,0,,,0.0,cash
ALFA,2024-04-08,10000.0,0,,,0.0,cash
ALFA,2024-04-09,10000.0,0,,,0.0,cash
ALFA,2024-04-10,10000.0,0,,,0.0,cash
ALFA,2024-04-11,10000.0,0,,,0.0,cash
ALFA,2024-04-12,10000.0,0,,,0.0,cash
ALFA,2024-04-15,10000.0,0,,,0.0,cash
ALFA,2024-04-16,10000.0,0,,,0.0,cash
ALFA,2024-04-17,10000.0,0,,,0.0,cash
ALFA,2024-04-18,10000.0,0,,,0.0,cash
ALFA,2024-04-19,10000.0,0,,,0.0,cash
ALFA,2024-04-22,10000.0,0,,,0.0,cash
ALFA,2024-04-23,10000.0,0,,,0.0,cash
ALFA,2024-04-24,10000.0,0,,,0.0,cash
ALFA,2024-04-25,10000.0,0,,,0.0,cash
ALFA,2024-04-26,10000.0,0,,,0.0,cash
ALFA,2024-04-29,10000.0,0,,,0.0,cash
ALFA,2024-04-30,10000.0,0,,,0.0,cash
ALFA,2024-05-01,10000.0,0,,,0.0,cash
ALFA,2024-05-02,10000.0,0,,,0.0,cash
ALFA,2024-05-03,10000.0,0,,,0.0,cash
ALFA,2024-05-06,10000.0,0,,,0.0,cash
ALFA,2024-05-07,10000.0,0,,,0.0,cash
ALFA,2024-05-08,10000.0,0,,,0.0,cash
ALFA,2024-05-09,10000.0,0,,,0.0,cash
ALFA,2024-05-10,10000.0,0,,,0.0,cash
ALFA,2024-05-13,10000.0,0,,,0.0,cash
ALFA,2024-05-14,10000.0,0,,,0.0,cash
ALFA,2024-05-15,10000.0,0,,,0.0,cash
ALFA,2024-05-16,10000.0,0,,,0.0,cash
ALFA,2024-05-17,10000.0,0,,,0.0,cash
ALFA,2024-05-20,10000.0,0,,,0.0,cash
ALFA,2024-05-21,10000.0,0,,,0.0,cash
ALFA,2024-05-22,10000.0,0,,,0.0,cash
ALFA,2024-05-23,10000.0,0,,,0.0,cash
ALFA,2024-05-24,10000.0,0,,,0.0,cash
ALFA,2024-05-27,10000.0,0,,,0.0,cash
ALFA,2024-05-28,10000.0,0,,,0.0,cash
ALFA,2024-05-29,10000.0,0,,,0.0,cash
ALFA,2024-05-30,10000.0,0,,,0.0,cash
ALFA,2024-05-31,10000.0,0,,,0.0,cash
ALFA,2024-06-03,10000.0,0,,,0.0,cash
ALFA,2024-06-04,10000.0,0,,,0.0,cash
ALFA,2024-06-05,10000.0,0,,,0.0,cash
ALFA,2024-06-06,10000.0,0,,,0.0,cash
ALFA,2024-06-07,10000.0,0,,,0.0,cash
ALFA,2024-06-10,10000.0,0,,,0.0,cash
ALFA,2024-06-11,10000.0,0,,,0.0,cash
ALFA,2024-06-12,10000.0,0,,,0.0,cash
ALFA,2024-06-13,10000.0,0,,,0.0,cash
ALFA,2024-06-14,10000.0,0,,,0.0,cash
ALFA,2024-06-17,10000.0,0,,,0.0,cash
ALFA,2024-06-18,10000.0,0,,,0.0,cash
ALFA,2024-06-19,10000.0,0,,,0.0,cash
ALFA,2024-06-20,10000.0,0,,,0.0,cash
ALFA,2024-06-21,10000.0,0,,,0.0,cash
ALFA,2024-06-24,10000.0,0,,,0.0,cash
ALFA,2024-06-25,10000.0,0,,,0.0,cash
ALFA,2024-06-26,10000.0,0,,,0.0,cash
ALFA,2024-06-27,10000.0,0,,,0.0,cash
ALFA,2024-06-28,10000.0,0,,,0.0,cash
ALFA,2024-07-01,10000.0,0,,,0.0,cash
ALFA,2024-07-02,10000.0,0,,,0.0,cash
ALFA,2024-07-03,10000.0,0,,,0.0,cash
ALFA,2024-07-04,10000.0,0,,,0.0,cash
ALFA,2024-07-05,10000.0,0,,,0.0,cash
ALFA,2024-07-08,10000.0,0,,,0.0,cash
ALFA,2024-07-09,10000.0,0,,,0.0,cash
ALFA,2024-07-10,10000.0,0,,,0.0,cash
ALFA,2024-07-11,10000.0,0,,,0.0,cash
ALFA,2024-07-12,10000.0,0,,,0.0,cash
ALFA,2024-07-15,10000.0,0,,,0.0,cash
ALFA,2024-07-16,10000.0,0,,,0.0,cash
ALFA,2024-07-17,10000.0,0,,,0.0,cash
ALFA,2024-07-18,10000.0,0,,,0.0,cash
ALFA,2024-07-19,10000.0,0,,,0.0,cash
ALFA,2024-07-22,10000.0,0,,,0.0,cash
ALFA,2024-07-23,10000.0,0,,,0.0,cash
ALFA,2024-07-24,10000.0,0,,,0.0,cash
ALFA,2024-07-25,10000.0,0,,,0.0,cash
ALFA,2024-07-26,10000.0,0,,,0.0,cash
ALFA,2024-07-29,10000.0,0,,,0.0,cash
ALFA,2024-07-30,10000.0,0,,,0.0,cash
ALFA,2024-07-31,10000.0,0,,,0.0,cash
ALFA,2024-08-01,10000.0,0,,,0.0,cash
ALFA,2024-08-02,10000.0,0,,,0.0,cash
ALFA,2024-08-05,10000.0,0,,,0.0,cash
ALFA,2024-08-06,10000.0,0,,,0.0,cash
ALFA,2024-08-07,10000.0,0,,,0.0,cash
ALFA,2024-08-08,10000.0,0,,,0.0,cash
ALFA,2024-08-09,10000.0,0,,,0.0,cash
ALFA,2024-08-12,10000.0,0,,,0.0,cash
ALFA,2024-08-13,10000.0,0,,,0.0,cash
ALFA,2024-08-14,10000.0,0,,,0.0,cash
ALFA,2024-08-15,10000.0,0,,,0.0,cash
ALFA,2024-08-16,10000.0,0,,,0.0,cash
ALFA,2024-08-19,10000.0,0,,,0.0,cash
ALFA,2024-08-20,10000.0,0,,,0.0,cash
ALFA,2024-08-21,10000.0,0,,,0.0,cash
ALFA,2024-08-22,10000.0,0,,,0.0,cash
ALFA,2024-08-23,10000.0,0,,,0.0,cash
ALFA,2024-08-26,10000.0,0,,,0.0,cash
ALFA,2024-08-27,10000.0,0,,,0.0,cash
ALFA,2024-08-28,10000.0,0,,,0.0,cash
ALFA,2024-08-29,10000.0,0,,,0.0,cash
ALFA,2024-08-30,10000.0,0,,,0.0,cash
ALFA,2024-09-02,10000.0,0,,,0.0,cash
ALFA,2024-09-03,10000.0,0,,,0.0,cash
ALFA,2024-09-04,10000.0,0,,,0.0,cash
ALFA,2024-09-05,10000.0,0,,,0.0,cash
ALFA,2024-09-06,10000.0,0,,,0.0,cash
ALFA,2024-09-09,10000.0,0,,,0.0,cash
ALFA,2024-09-10,10000.0,0,,,0.0,cash
ALFA,2024-09-11,10000.0,0,,,0.0,cash
ALFA,2024-09-12,10000.0,0,,,0.0,cash
ALFA,2024-09-13,10000.0,0,,,0.0,cash
ALFA,2024-09-16,10000.0,0,,,0.0,cash
ALFA,2024-09-17,10000.0,0,,,0.0,cash
ALFA,2024-09-18,10000.0,0,,,0.0,cash
ALFA,2024-09-19,10000.0,0,,,0.0,cash
ALFA,2024-09-20,10000.0,0,,,0.0,cash
ALFA,2024-09-23,10000.0,0,,,0.0,cash
ALFA,2024-09-24,10000.0,0,,,0.0,cash
ALFA,2024-09-25,10000.0,0,,,0.0,cash
ALFA,2024-09-26,10000.0,0,,,0.0,cash
ALFA,2024-09-27,10000.0,0,,,0.0,cash
ALFA,2024-09-30,10000.0,0,,,0.0,cash
ALFA,2024-10-01,10000.0,0,,,0.0,cash
ALFA,2024-10-02,10000.0,0,,,0.0,cash
ALFA,2024-10-03,10000.0,0,,,0.0,cash
ALFA,2024-10-04,10000.0,0,,,0.0,cash
ALFA,2024-10-07,10000.0,0,,,0.0,cash
ALFA,2024-10-08,10000.0,0,,,0.0,cash
ALFA,2024-10-09,10000.0,0,,,0.0,cash
ALFA,2024-10-10,10000.0,0,,,0.0,cash
ALFA,2024-10-11,10000.0,0,,,0.0,cash
ALFA,2024-10-14,10000.0,0,,,0.0,cash
ALFA,2024-10-15,10000.0,0,,,0.0,cash
ALFA,2024-10-16,10000.0,0,,,0.0,cash
ALFA,2024-10-17,10000.0,0,,,0.0,cash
ALFA,2024-10-18,10000.0,0,,,0.0,cash
ALFA,2024-10-21,10000.0,0,,,0.0,cash
ALFA,2024-10-22,10000.0,0,,,0.0,cash
ALFA,2024-10-23,10000.0,0,,,0.0,cash
ALFA,2024-10-24,10000.0,0,,,0.0,cash
ALFA,2024-10-25,10000.0,0,,,0.0,cash
ALFA,2024-10-28,10000.0,0,,,0.0,cash
ALFA,2024-10-29,10000.0,0,,,0.0,cash
ALFA,2024-10-30,10000.0,0,,,0.0,cash
ALFA,2024-10-31,10000.0,0,,,0.0,cash
ALFA,2024-11-01,10000.0,0,,,0.0,cash
ALFA,2024-11-04,10000.0,0,,,0.0,cash
ALFA,2024-11-05,10000.0,0,,,0.0,cash
ALFA,2024-11-06,10000.0,0,,,0.0,cash
ALFA,2024-11-07,10000.0,0,,,0.0,cash
ALFA,2024-11-08,10000.0,0,,,0.0,cash
ALFA,2024-11-11,10000.0,0,,,0.0,cash
ALFA,2024-11-12,10000.0,0,,,0.0,cash
ALFA,2024-11-13,10000.0,0,,,0.0,cash
ALFA,2024-11-14,10000.0,0,,,0.0,cash
ALFA,2024-11-15,10000.0,0,,,0.0,cash
ALFA,2024-11-18,10000.0,0,,,0.0,cash
ALFA,2024-11-19,10000.0,0,,,0.0,cash
ALFA,2024-11-20,10000.0,0,,,0.0,cash
ALFA,2024-11-21,10000.0,0,,,0.0,cash
ALFA,2024-11-22,10000.0,0,,,0.0,cash
ALFA,2024-11-25,10000.0,0,,,0.0,cash
ALFA,2024-11-26,10000.0,0,,,0.0,cash
ALFA,2024-11-27,10000.0,0,,,0.0,cash
ALFA,2024-11-28,10000.0,0,,,0.0,cash
ALFA,2024-11-29,10000.0,0,,,0.0,cash
ALFA,2024-12-02,10000.0,0,,,0.0,cash
ALFA,2024-12-03,10000.0,0,,,0.0,cash
ALFA,2024-12-04,10000.0,0,,,0.0,cash
ALFA,2024-12-05,10000.0,0,,,0.0,cash
ALFA,2024-12-06,10000.0,0,,,0.0,cash
ALFA,2024-12-09,10000.0,0,,,0.0,cash
ALFA,2024-12-10,10000.0,0,,,0.0,cash
ALFA,2024-12-11,10000.0,0,,,0.0,cash
ALFA,2024-12-12,10000.0,0,,,0.0,cash
ALFA,2024-12-13,10000.0,0,,,0.0,cash
ALFA,2024-12-16,10000.0,0,,,0.0,cash
ALFA,2024-12-17,10000.0,0,,,0.0,cash
ALFA,2024-12-18,10000.0,0,,,0.0,cash
ALFA,2024-12-19,10000.0,0,,,0.0,cash
ALFA,2024-12-20,10000.0,0,,,0.0,cash
ALFA,2024-12-23,10000.0,0,,,0.0,cash
ALFA,2024-12-24,10000.0,0,,,0.0,cash
ALFA,2024-12-25,10000.0,0,,,0.0,cash
ALFA,2024-12-26,10000.0,0,,,0.0,cash
ALFA,2024-12-27,10000.0,0,,,0.0,cash
ALFA,2024-12-30,10000.0,0,,,0.0,cash
ALFA,2024-12-31,10000.0,0,,,0.0,cash
BETA,2023-10-20,10000.0,0,,,0.0,cash
BETA,2023-10-23,10000.0,0,,,0.0,cash
BETA,2023-10-24,10000.0,0,,,0.0,cash
BETA,2023-10-25,10000.0,0,,,0.0,cash
BETA,2023-10-26,10000.0,0,,,0.0,cash
BETA,2023-10-27,10000.0,0,,,0.0,cash
BETA,2023-10-30,10000.0,0,,,0.0,cash
BETA,2023-10-31,10000.0,0,,,0.0,cash
BETA,2023-11-01,10000.0,0,,,0.0,cash
BETA,2023-11-02,10000.0,0,,,0.0,cash
BETA,2023-11-03,10000.0,0,,,0.0,cash
BETA,2023-11-06,10000.0,0,,,0.0,cash
BETA,2023-11-07,10000.0,0,,,0.0,cash
BETA,2023-11-08,10000.0,0,,,0.0,cash
BETA,2023-11-09,10000.0,0,,,0.0,cash
BETA,2023-11-10,10000.0,0,,,0.0,cash
BETA,2023-11-13,10000.0,0,,,0.0,cash
BETA,2023-11-14,10000.0,0,,,0.0,cash
BETA,2023-11-15,10000.0,0,,,0.0,cash
BETA,2023-11-16,10000.0,0,,,0.0,cash
BETA,2023-11-17,10000.0,0,,,0.0,cash
BETA,2023-11-20,10000.0,0,,,0.0,cash
BETA,2023-11-21,10000.0,0,,,0.0,cash
BETA,2023-11-22,10000.0,0,,,0.0,cash
BETA,2023-11-23,10000.0,0,,,0.0,cash
BETA,2023-11-24,10000.0,0,,,0.0,cash
BETA,2023-11-27,10000.0,0,,,0.0,cash
BETA,2023-11-28,10000.0,0,,,0.0,cash
BETA,2023-11-29,10000.0,0,,,0.0,cash
BETA,2023-11-30,10000.0,0,,,0.0,cash
BETA,2023-12-01,10000.0,0,,,0.0,cash
BETA,2023-12-04,10000.0,0,,,0.0,cash
BETA,2023-12-05,10000.0,0,,,0.0,cash
BETA,2023-12-06,10000.0,0,,,0.0,cash
BETA,2023-12-07,10000.0,0,,,0.0,cash
BETA,2023-12-08,10000.0,0,,,0.0,cash
BETA,2023-12-11,10000.0,0,,,0.0,cash
BETA,2023-12-12,10000.0,0,,,0.0,cash
BETA,2023-12-13,10000.0,0,,,0.0,cash
BETA,2023-12-14,10000.0,0,,,0.0,cash
BETA,2023-12-15,10000.0,0,,,0.0,cash
BETA,2023-12-18,10000.0,0,,,0.0,cash
BETA,2023-12-19,10000.0,0,,,0.0,cash
BETA,2023-12-20,10000.0,0,,,0.0,cash
BETA,2023-12-21,10000.0,0,,,0.0,cash
BETA,2023-12-22,10000.0,0,,,0.0,cash
BETA,2023-12-25,10000.0,0,,,0.0,cash
BETA,2023-12-26,10000.0,0,,,0.0,cash
BETA,2023-12-27,10000.0,0,,,0.0,cash
BETA,2023-12-28,10000.0,0,,,0.0,cash
BETA,2023-12-29,10000.0,0,,,0.0,cash
BETA,2024-01-01,10000.0,0,,,0.0,cash
BETA,2024-01-02,10000.0,0,,,0.0,cash
BETA,2024-01-03,10000.0,0,,,0.0,cash
BETA,2024-01-04,10000.0,0,,,0.0,cash
BETA,2024-01-05,10000.0,0,,,0.0,cash
BETA,2024-01-08,10000.0,0,,,0.0,cash
BETA,2024-01-09,10000.0,0,,,0.0,cash
BETA,2024-01-10,10000.0,0,,,0.0,cash
BETA,2024-01-11,10000.0,0,,,0.0,cash
BETA,2024-01-12,10000.0,0,,,0.0,cash
BETA,2024-01-15,10000.0,0,,,0.0,cash
BETA,2024-01-16,10000.0,0,,,0.0,cash
BETA,2024-01-17,10000.0,0,,,0.0,cash
BETA,2024-01-18,10000.0,0,,,0.0,cash
BETA,2024-01-19,10000.0,0,,,0.0,cash
BETA,2024-01-22,10000.0,0,,,0.0,cash
BETA,2024-01-23,10000.0,0,,,0.0,cash
BETA,2024-01-24,10000.0,0,,,0.0,cash
BETA,2024-01-25,10000.0,0,,,0.0,cash
BETA,2024-01-26,10000.0,0,,,0.0,cash
BETA,2024-01-29,10000.0,0,,,0.0,cash
BETA,2024-01-30,10000.0,0,,,0.0,cash
BETA,2024-01-31,10000.0,0,,,0.0,cash
BETA,2024-02-01,10000.0,0,,,0.0,cash
BETA,2024-02-02,10000.0,0,,,0.0,cash
BETA,2024-02-05,10000.0,0,,,0.0,cash
BETA,2024-02-06,10000.0,0,,,0.0,cash
BETA,2024-02-07,10000.0,0,,,0.0,cash
BETA,2024-02-08,10000.0,0,,,0.0,cash
BETA,2024-02-09,10000.0,0,,,0.0,cash
BETA,2024-02-12,10000.0,0,,,0.0,cash
BETA,2024-02-13,10000.0,0,,,0.0,cash
BETA,2024-02-14,10000.0,0,,,0.0,cash
BETA,2024-02-15,10000.0,0,,,0.0,cash
BETA,2024-02-16,10000.0,0,,,0.0,cash
BETA,2024-02-19,10000.0,0,,,0.0,cash
BETA,2024-02-20,10000.0,0,,,0.0,cash
BETA,2024-02-21,10000.0,0,,,0.0,cash
BETA,2024-02-22,10000.0,0,,,0.0,cash
BETA,2024-02-23,10000.0,0,,,0.0,cash
BETA,2024-02-26,10000.0,0,,,0.0,cash
BETA,2024-02-27,10000.0,0,,,0.0,cash
BETA,2024-02-28,10000.0,0,,,0.0,cash
BETA,2024-02-29,10000.0,0,,,0.0,cash
BETA,2024-03-01,10000.0,0,,,0.0,cash
BETA,2024-03-04,10000.0,0,,,0.0,cash
BETA,2024-03-05,10000.0,0,,,0.0,cash
BETA,2024-03-06,10000.0,0,,,0.0,cash
BETA,2024-03-07,10000.0,0,,,0.0,cash
BETA,2024-03-08,10000.0,0,,,0.0,cash
BETA,2024-03-11,10000.0,0,,,0.0,cash
BETA,2024-03-12,10000.0,0,,,0.0,cash
BETA,2024-03-13,10000.0,0,,,0.0,cash
BETA,2024-03-14,10000.0,0,,,0.0,cash
BETA,2024-03-15,10000.0,0,,,0.0,cash
BETA,2024-03-18,10000.0,0,,,0.0,cash
BETA,2024-03-19,10000.0,0,,,0.0,cash
BETA,2024-03-20,10000.0,0,,,0.0,cash
BETA,2024-03-21,10000.0,0,,,0.0,cash
BETA,2024-03-22,10000.0,0,,,0.0,cash
BETA,2024-03-25,10000.0,0,,,0.0,cash
BETA,2024-03-26,10000.0,0,,,0.0,cash
BETA,2024-03-27,10000.0,0,,,0.0,cash
BETA,2024-03-28,10000.0,0,,,0.0,cash
BETA,2024-03-29,10000.0,0,,,0.0,cash
BETA,2024-04-01,10000.0,0,,,0.0,cash
BETA,2024-04-02,10000.0,0,,,0.0,cash
BETA,2024-04-03,10000.0,0,,,0.0,cash
BETA,2024-04-04,10000.0,0,,,0.0,cash
BETA,2024-04-05,10000.0,0,,,0.0,cash
BETA,2024-04-08,10000.0,0,,,0.0,cash
BETA,2024-04-09,10000.0,0,,,0.0,cash
BETA,2024-04-10,10000.0,0,,,0.0,cash
BETA,2024-04-11,10000.0,0,,,0.0,cash
BETA,2024-04-12,10000.0,0,,,0.0,cash
BETA,2024-04-15,10000.0,0,,,0.0,cash
BETA,2024-04-16,10000.0,0,,,0.0,cash
BETA,2024-04-17,10000.0,0,,,0.0,cash
BETA,2024-04-18,10000.0,0,,,0.0,cash
BETA,2024-04-19,10000.0,0,,,0.0,cash
BETA,2024-04-22,10000.0,0,,,0.0,cash
BETA,2024-04-23,10000.0,0,,,0.0,cash
BETA,2024-04-24,10000.0,0,,,0.0,cash
BETA,2024-04-25,10000.0,0,,,0.0,cash
BETA,2024-04-26,10000.0,0,,,0.0,cash
BETA,2024-04-29,10000.0,0,,,0.0,cash
BETA,2024-04-30,10000.0,0,,,0.0,cash
BETA,2024-05-01,10000.0,0,,,0.0,cash
BETA,2024-05-02,10000.0,0,,,0.0,cash
BETA,2024-05-03,10000.0,0,,,0.0,cash
BETA,2024-05-06,10000.0,0,,,0.0,cash
BETA,2024-05-07,10000.0,0,,,0.0,cash
BETA,2024-05-08,10000.0,0,,,0.0,cash
BETA,2024-05-09,10000.0,0,,,0.0,cash
BETA,2024-05-10,10000.0,0,,,0.0,cash
BETA,2024-05-13,10000.0,0,,,0.0,cash
BETA,2024-05-14,10000.0,0,,,0.0,cash
BETA,2024-05-15,10000.0,0,,,0.0,cash
BETA,2024-05-16,10000.0,0,,,0.0,cash
BETA,2024-05-17,10000.0,0,,,0.0,cash
BETA,2024-05-20,10000.0,0,,,0.0,cash
BETA,2024-05-21,10000.0,0,,,0.0,cash
BETA,2024-05-22,10000.0,0,,,0.0,cash
BETA,2024-05-23,10000.0,0,,,0.0,cash
BETA,2024-05-24,10000.0,0,,,0.0,cash
BETA,2024-05-27,10000.0,0,,,0.0,cash
BETA,2024-05-28,10000.0,0,,,0.0,cash
BETA,2024-05-29,10000.0,0,,,0.0,cash
BETA,2024-05-30,10000.0,0,,,0.0,cash
BETA,2024-05-31,10000.0,0,,,0.0,cash
BETA,2024-06-03,10000.0,0,,,0.0,cash
BETA,2024-06-04,10000.0,0,,,0.0,cash
BETA,2024-06-05,10000.0,0,,,0.0,cash
BETA,2024-06-06,10000.0,0,,,0.0,cash
BETA,2024-06-07,10000.0,0,,,0.0,cash
BETA,2024-06-10,10000.0,0,,,0.0,cash
BETA,2024-06-11,10000.0,0,,,0.0,cash
BETA,2024-06-12,10000.0,0,,,0.0,cash
BETA,2024-06-13,10000.0,0,,,0.0,cash
BETA,2024-06-14,10000.0,0,,,0.0,cash
BETA,2024-06-17,10000.0,0,,,0.0,cash
BETA,2024-06-18,10000.0,0,,,0.0,cash
BETA,2024-06-19,10000.0,0,,,0.0,cash
BETA,2024-06-20,10000.0,0,,,0.0,cash
BETA,2024-06-21,10000.0,0,,,0.0,cash
BETA,2024-06-24,10000.0,0,,,0.0,cash
BETA,2024-06-25,10000.0,0,,,0.0,cash
BETA,2024-06-26,10000.0,0,,,0.0,cash
BETA,2024-06-27,10000.0,0,,,0.0,cash
BETA,2024-06-28,10000.0,0,,,0.0,cash
BETA,2024-07-01,10000.0,0,,,0.0,cash
BETA,2024-07-02,10000.0,0,,,0.0,cash
BETA,2024-07-03,10000.0,0,,,0.0,cash
BETA,2024-07-04,10000.0,0,,,0.0,cash
BETA,2024-07-05,10000.0,0,,,0.0,cash
BETA,2024-07-08,10000.0,0,,,0.0,cash
BETA,2024-07-09,10000.0,0,,,0.0,cash
BETA,2024-07-10,10000.0,0,,,0.0,cash
BETA,2024-07-11,10000.0,0,,,0.0,cash
BETA,2024-07-12,10000.0,0,,,0.0,cash
BETA,2024-07-15,10000.0,0,,,0.0,cash
BETA,2024-07-16,10000.0,0,,,0.0,cash
BETA,2024-07-17,10000.0,0,,,0.0,cash
BETA,2024-07-18,10000.0,0,,,0.0,cash
BETA,2024-07-19,10000.0,0,,,0.0,cash
BETA,2024-07-22,10000.0,0,,,0.0,cash
BETA,2024-07-23,10000.0,0,,,0.0,cash
BETA,2024-07-24,10000.0,0,,,0.0,cash
BETA,2024-07-25,10000.0,0,,,0.0,cash
BETA,2024-07-26,10000.0,0,,,0.0,cash
BETA,2024-07-29,10000.0,0,,,0.0,cash
BETA,2024-07-30,10000.0,0,,,0.0,cash
BETA,2024-07-31,10000.0,0,,,0.0,cash
BETA,2024-08-01,10000.0,0,,,0.0,cash
BETA,2024-08-02,10000.0,0,,,0.0,cash
BETA,2024-08-05,10000.0,0,,,0.0,cash
BETA,2024-08-06,10000.0,0,,,0.0,cash
BETA,2024-08-07,10000.0,0,,,0.0,cash
BETA,2024-08-08,10000.0,0,,,0.0,cash
BETA,2024-08-09,10000.0,0,,,0.0,cash
BETA,2024-08-12,10000.0,0,,,0.0,cash
BETA,2024-08-13,10000.0,0,,,0.0,cash
BETA,2024-08-14,10000.0,0,,,0.0,cash
BETA,2024-08-15,10000.0,0,,,0.0,cash
BETA,2024-08-16,10000.0,0,,,0.0,cash
BETA,2024-08-19,10000.0,0,,,0.0,cash
BETA,2024-08-20,10000.0,0,,,0.0,cash
BETA,2024-08-21,10000.0,0,,,0.0,cash
BETA,2024-08-22,10000.0,0,,,0.0,cash
BETA,2024-08-23,10000.0,0,,,0.0,cash
BETA,2024-08-26,10000.0,0,,,0.0,cash
BETA,2024-08-27,10000.0,0,,,0.0,cash
BETA,2024-08-28,10000.0,0,,,0.0,cash
BETA,2024-08-29,10000.0,0,,,0.0,cash
BETA,2024-08-30,10000.0,0,,,0.0,cash
BETA,2024-09-02,10000.0,0,,,0.0,cash
BETA,2024-09-03,10000.0,0,,,0.0,cash
BETA,2024-09-04,10000.0,0,,,0.0,cash
BETA,2024-09-05,10000.0,0,,,0.0,cash
BETA,2024-09-06,10000.0,0,,,0.0,cash
BETA,2024-09-09,10000.0,0,,,0.0,cash
BETA,2024-09-10,10000.0,0,,,0.0,cash
BETA,2024-09-11,10000.0,0,,,0.0,cash
BETA,2024-09-12,10000.0,0,,,0.0,cash
BETA,2024-09-13,10000.0,0,,,0.0,cash
BETA,2024-09-16,10000.0,0,,,0.0,cash
BETA,2024-09-17,10000.0,0,,,0.0,cash
BETA,2024-09-18,10000.0,0,,,0.0,cash
BETA,2024-09-19,10000.0,0,,,0.0,cash
BETA,2024-09-20,10000.0,0,,,0.0,cash
BETA,2024-09-23,10000.0,0,,,0.0,cash
BETA,2024-09-24,10000.0,0,,,0.0,cash
BETA,2024-09-25,10000.0,0,,,0.0,cash
BETA,2024-09-26,10000.0,0,,,0.0,cash
BETA,2024-09-27,10000.0,0,,,0.0,cash
BETA,2024-09-30,10000.0,0,,,0.0,cash
BETA,2024-10-01,10000.0,0,,,0.0,cash
BETA,2024-10-02,10000.0,0,,,0.0,cash
BETA,2024-10-03,10000.0,0,,,0.0,cash
BETA,2024-10-04,10000.0,0,,,0.0,cash
BETA,2024-10-07,10000.0,0,,,0.0,cash
BETA,2024-10-08,10000.0,0,,,0.0,cash
BETA,2024-10-09,10000.0,0,,,0.0,cash
BETA,2024-10-10,10000.0,0,,,0.0,cash
BETA,2024-10-11,10000.0,0,,,0.0,cash
BETA,2024-10-14,10000.0,0,,,0.0,cash
BETA,2024-10-15,10000.0,0,,,0.0,cash
BETA,2024-10-16,10000.0,0,,,0.0,cash
BETA,2024-10-17,10000.0,0,,,0.0,cash
BETA,2024-10-18,10000.0,0,,,0.0,cash
BETA,2024-10-21,10000.0,0,,,0.0,cash
BETA,2024-10-22,10000.0,0,,,0.0,cash
BETA,2024-10-23,10000.0,0,,,0.0,cash
BETA,2024-10-24,10000.0,0,,,0.0,cash
BETA,2024-10-25,10000.0,0,,,0.0,cash
BETA,2024-10-28,10000.0,0,,,0.0,cash
BETA,2024-10-29,10000.0,0,,,0.0,cash
BETA,2024-10-30,10000.0,0,,,0.0,cash
BETA,2024-10-31,10000.0,0,,,0.0,cash
BETA,2024-11-01,10000.0,0,,,0.0,cash
BETA,2024-11-04,10000.0,0,,,0.0,cash
BETA,2024-11-05,10000.0,0,,,0.0,cash
BETA,2024-11-06,10000.0,0,,,0.0,cash
BETA,2024-11-07,10000.0,0,,,0.0,cash
BETA,2024-11-08,10000.0,0,,,0.0,cash
BETA,2024-11-11,10000.0,0,,,0.0,cash
BETA,2024-11-12,10000.0,0,,,0.0,cash
BETA,2024-11-13,10000.0,0,,,0.0,cash
BETA,2024-11-14,10000.0,0,,,0.0,cash
BETA,2024-11-15,10000.0,0,,,0.0,cash
BETA,2024-11-18,10000.0,0,,,0.0,cash
BETA,2024-11-19,10000.0,0,,,0.0,cash
BETA,2024-11-20,10000.0,0,,,0.0,cash
BETA,2024-11-21,10000.0,0,,,0.0,cash
BETA,2024-11-22,10000.0,0,,,0.0,cash
BETA,2024-11-25,10000.0,0,,,0.0,cash
BETA,2024-11-26,10000.0,0,,,0.0,cash
BETA,2024-11-27,10000.0,0,,,0.0,cash
BETA,2024-11-28,10000.0,0,,,0.0,cash
BETA,2024-11-29,10000.0,0,,,0.0,cash
BETA,2024-12-02,10000.0,0,,,0.0,cash
BETA,2024-12-03,10000.0,0,,,0.0,cash
BETA,2024-12-04,10000.0,0,,,0.0,cash
BETA,2024-12-05,10000.0,0,,,0.0,cash
BETA,2024-12-06,10000.0,0,,,0.0,cash
BETA,2024-12-09,10000.0,0,,,0.0,cash
BETA,2024-12-10,10000.0,0,,,0.0,cash
BETA,2024-12-11,10000.0,0,,,0.0,cash
BETA,2024-12-12,10000.0,0,,,0.0,cash
BETA,2024-12-13,10000.0,0,,,0.0,cash
BETA,2024-12-16,10000.0,0,,,0.0,cash
BETA,2024-12-17,10000.0,0,,,0.0,cash
BETA,2024-12-18,10000.0,0,,,0.0,cash
BETA,2024-12-19,10000.0,0,,,0.0,cash
BETA,2024-12-20,10000.0,0,,,0.0,cash
BETA,2024-12-23,10000.0,0,,,0.0,cash
BETA,2024-12-24,10000.0,0,,,0.0,cash
BETA,2024-12-25,10000.0,0,,,0.0,cash
BETA,2024-12-26,10000.0,0,,,0.0,cash
BETA,2024-12-27,10000.0,0,,,0.0,cash
BETA,2024-12-30,10000.0,0,,,0.0,cash
BETA,2024-12-31,10000.0,0,,,0.0,cash
DELT,2023-10-20,10000.0,0,,,0.0,cash
DELT,2023-10-23,10000.0,0,,,0.0,cash
DELT,2023-10-24,10000.0,0,,,0.0,cash
DELT,2023-10-25,10000.0,0,,,0.0,cash
DELT,2023-10-26,10000.0,0,,,0.0,cash
DELT,2023-10-27,10000.0,0,,,0.0,cash
DELT,2023-10-30,10000.0,0,,,0.0,cash
DELT,2023-10-31,10000.0,0,,,0.0,cash
DELT,2023-11-01,10000.0,0,,,0.0,cash
DELT,2023-11-02,10000.0,0,,,0.0,cash
DELT,2023-11-03,10000.0,0,,,0.0,cash
DELT,2023-11-06,10000.0,0,,,0.0,cash
DELT,2023-11-07,10000.0,0,,,0.0,cash
DELT,2023-11-08,10000.0,0,,,0.0,cash
DELT,2023-11-09,10000.0,0,,,0.0,cash
DELT,2023-11-10,10000.0,0,,,0.0,cash
DELT,2023-11-13,10000.0,0,,,0.0,cash
DELT,2023-11-14,10000.0,0,,,0.0,cash
DELT,2023-11-15,10000.0,0,,,0.0,cash
DELT,2023-11-16,10000.0,0,,,0.0,cash
DELT,2023-11-17,10000.0,0,,,0.0,cash
DELT,2023-11-20,10000.0,0,,,0.0,cash
DELT,2023-11-21,10000.0,0,,,0.0,cash
DELT,2023-11-22,10000.0,0,,,0.0,cash
DELT,2023-11-23,10000.0,0,,,0.0,cash
DELT,2023-11-24,10000.0,0,,,0.0,cash
DELT,2023-11-27,10000.0,0,,,0.0,cash
DELT,2023-11-28,10000.0,0,,,0.0,cash
DELT,2023-11-29,10000.0,0,,,0.0,cash
DELT,2023-11-30,10000.0,0,,,0.0,cash
DELT,2023-12-01,10000.0,0,,,0.0,cash
DELT,2023-12-04,10000.0,0,,,0.0,cash
DELT,2023-12-05,10000.0,0,,,0.0,cash
DELT,2023-12-06,10000.0,0,,,0.0,cash
DELT,2023-12-07,10000.0,0,,,0.0,cash
DELT,2023-12-08,10000.0,0,,,0.0,cash
DELT,2023-12-11,10000.0,0,,,0.0,cash
DELT,2023-12-12,10000.0,0,,,0.0,cash
DELT,2023-12-13,10000.0,0,,,0.0,cash
DELT,2023-12-14,10000.0,0,,,0.0,cash
DELT,2023-12-15,10000.0,0,,,0.0,cash
DELT,2023-12-18,10000.0,0,,,0.0,cash
DELT,2023-12-19,10000.0,0,,,0.0,cash
DELT,2023-12-20,10000.0,0,,,0.0,cash
DELT,2023-12-21,10000.0,0,,,0.0,cash
DELT,2023-12-22,10000.0,0,,,0.0,cash
DELT,2023-12-25,10000.0,0,,,0.0,cash
DELT,2023-12-26,10000.0,0,,,0.0,cash
DELT,2023-12-27,10000.0,0,,,0.0,cash
DELT,2023-12-28,10000.0,0,,,0.0,cash
DELT,2023-12-29,10000.0,0,,,0.0,cash
DELT,2024-01-01,10000.0,0,,,0.0,cash
DELT,2024-01-02,10000.0,0,,,0.0,cash
DELT,2024-01-03,10000.0,0,,,0.0,cash
DELT,2024-01-04,10000.0,0,,,0.0,cash
DELT,2024-01-05,10000.0,0,,,0.0,cash
DELT,2024-01-08,10000.0,0,,,0.0,cash
DELT,2024-01-09,10000.0,0,,,0.0,cash
DELT,2024-01-10,10000.0,0,,,0.0,cash
DELT,2024-01-11,10000.0,0,,,0.0,cash
DELT,2024-01-12,10000.0,0,,,0.0,cash
DELT,2024-01-15,10000.0,0,,,0.0,cash
DELT,2024-01-16,10000.0,0,,,0.0,cash
DELT,2024-01-17,10000.0,0,,,0.0,cash
DELT,2024-01-18,10000.0,0,,,0.0,cash
DELT,2024-01-19,10000.0,0,,,0.0,cash
DELT,2024-01-22,10000.0,0,,,0.0,cash
DELT,2024-01-23,10000.0,0,,,0.0,cash
DELT,2024-01-24,10000.0,0,,,0.0,cash
DELT,2024-01-25,10000.0,0,,,0.0,cash
DELT,2024-01-26,10000.0,0,,,0.0,cash
DELT,2024-01-29,10000.0,0,,,0.0,cash
DELT,2024-01-30,10000.0,0,,,0.0,cash
DELT,2024-01-31,10000.0,0,,,0.0,cash
DELT,2024-02-01,10000.0,0,,,0.0,cash
DELT,2024-02-02,10000.0,0,,,0.0,cash
DELT,2024-02-05,10000.0,0,,,0.0,cash
DELT,2024-02-06,10000.0,0,,,0.0,cash
DELT,2024-02-07,10000.0,0,,,0.0,cash
DELT,2024-02-08,10000.0,0,,,0.0,cash
DELT,2024-02-09,10000.0,0,,,0.0,cash
DELT,2024-02-12,10000.0,0,,,0.0,cash
DELT,2024-02-13,10000.0,0,,,0.0,cash
DELT,2024-02-14,10000.0,0,,,0.0,cash
DELT,2024-02-15,10000.0,0,,,0.0,cash
DELT,2024-02-16,10000.0,0,,,0.0,cash
DELT,2024-02-19,10000.0,0,,,0.0,cash
DELT,2024-02-20,10000.0,0,,,0.0,cash
DELT,2024-02-21,10000.0,0,,,0.0,cash
DELT,2024-02-22,10000.0,0,,,0.0,cash
DELT,2024-02-23,10000.0,0,,,0.0,cash
DELT,2024-02-26,10000.0,0,,,0.0,cash
DELT,2024-02-27,10000.0,0,,,0.0,cash
DELT,2024-02-28,10000.0,0,,,0.0,cash
DELT,2024-02-29,10000.0,0,,,0.0,cash
DELT,2024-03-01,10000.0,0,,,0.0,cash
DELT,2024-03-04,10000.0,0,,,0.0,cash
DELT,2024-03-05,10000.0,0,,,0.0,cash
DELT,2024-03-06,10000.0,0,,,0.0,cash
DELT,2024-03-07,10000.0,0,,,0.0,cash
DELT,2024-03-08,10000.0,0,,,0.0,cash
DELT,2024-03-11,10000.0,0,,,0.0,cash
DELT,2024-03-12,10000.0,0,,,0.0,cash
DELT,2024-03-13,10000.0,0,,,0.0,cash
DELT,2024-03-14,10000.0,0,,,0.0,cash
DELT,2024-03-15,10000.0,0,,,0.0,cash
DELT,2024-03-18,10000.0,0,,,0.0,cash
DELT,2024-03-19,10000.0,0,,,0.0,cash
DELT,2024-03-20,10000.0,0,,,0.0,cash
DELT,2024-03-21,10000.0,0,,,0.0,cash
DELT,2024-03-22,10000.0,0,,,0.0,cash
DELT,2024-03-25,10000.0,0,,,0.0,cash
DELT,2024-03-26,10000.0,0,,,0.0,cash
DELT,2024-03-27,10000.0,0,,,0.0,cash
DELT,2024-03-28,10000.0,0,,,0.0,cash
DELT,2024-03-29,10000.0,0,,,0.0,cash
DELT,2024-04-01,10000.0,0,,,0.0,cash
DELT,2024-04-02,10000.0,0,,,0.0,cash
DELT,2024-04-03,10000.0,0,,,0.0,cash
DELT,2024-04-04,10000.0,0,,,0.0,cash
DELT,2024-04-05,10000.0,0,,,0.0,cash
DELT,2024-04-08,10000.0,0,,,0.0,cash
DELT,2024-04-09,10000.0,0,,,0.0,cash
DELT,2024-04-10,10000.0,0,,,0.0,cash
DELT,2024-04-11,10000.0,0,,,0.0,cash
DELT,2024-04-12,10000.0,0,,,0.0,cash
DELT,2024-04-15,10000.0,0,,,0.0,cash
DELT,2024-04-16,10000.0,0,,,0.0,cash
DELT,2024-04-17,10000.0,0,,,0.0,cash
DELT,2024-04-18,10000.0,0,,,0.0,cash
DELT,2024-04-19,10000.0,0,,,0.0,cash
DELT,2024-04-22,10000.0,0,,,0.0,cash
DELT,2024-04-23,10000.0,0,,,0.0,cash
DELT,2024-04-24,10000.0,0,,,0.0,cash
DELT,2024-04-25,10000.0,0,,,0.0,cash
DELT,2024-04-26,10000.0,0,,,0.0,cash
DELT,2024-04-29,10000.0,0,,,0.0,cash
DELT,2024-04-30,10000.0,0,,,0.0,cash
DELT,2024-05-01,10000.0,0,,,0.0,cash
DELT,2024-05-02,10000.0,0,,,0.0,cash
DELT,2024-05-03,10000.0,0,,,0.0,cash
DELT,2024-05-06,10000.0,0,,,0.0,cash
DELT,2024-05-07,10000.0,0,,,0.0,cash
DELT,2024-05-08,10000.0,0,,,0.0,cash
DELT,2024-05-09,10000.0,0,,,0.0,cash
DELT,2024-05-10,10000.0,0,,,0.0,cash
DELT,2024-05-13,10000.0,0,,,0.0,cash
DELT,2024-05-14,10000.0,0,,,0.0,cash
DELT,2024-05-15,10000.0,0,,,0.0,cash
DELT,2024-05-16,10000.0,0,,,0.0,cash
DELT,2024-05-17,10000.0,0,,,0.0,cash
DELT,2024-05-20,10000.0,0,,,0.0,cash
DELT,2024-05-21,10000.0,0,,,0.0,cash
DELT,2024-05-22,10000.0,0,,,0.0,cash
DELT,2024-05-23,10000.0,0,,,0.0,cash
DELT,2024-05-24,10000.0,0,,,0.0,cash
DELT,2024-05-27,10000.0,0,,,0.0,cash
DELT,2024-05-28,10000.0,0,,,0.0,cash
DELT,2024-05-29,10000.0,0,,,0.0,cash
DELT,2024-05-30,10000.0,0,,,0.0,cash
DELT,2024-05-31,10000.0,0,,,0.0,cash
DELT,2024-06-03,10000.0,0,,,0.0,cash
DELT,2024-06-04,10000.0,0,,,0.0,cash
DELT,2024-06-05,10000.0,0,,,0.0,cash
DELT,2024-06-06,10000.0,0,,,0.0,cash
DELT,2024-06-07,10000.0,0,,,0.0,cash
DELT,2024-06-10,10000.0,0,,,0.0,cash
DELT,2024-06-11,10000.0,0,,,0.0,cash
DELT,2024-06-12,10000.0,0,,,0.0,cash
DELT,2024-06-13,10000.0,0,,,0.0,cash
DELT,2024-06-14,10000.0,0,,,0.0,cash
DELT,2024-06-17,10000.0,0,,,0.0,cash
DELT,2024-06-18,10000.0,0,,,0.0,cash
DELT,2024-06-19,10000.0,0,,,0.0,cash
DELT,2024-06-20,10000.0,0,,,0.0,cash
DELT,2024-06-21,10000.0,0,,,0.0,cash
DELT,2024-06-24,10000.0,0,,,0.0,cash
DELT,2024-06-25,10000.0,0,,,0.0,cash
DELT,2024-06-26,10000.0,0,,,0.0,cash
DELT,2024-06-27,10000.0,0,,,0.0,cash
DELT,2024-06-28,10000.0,0,,,0.0,cash
DELT,2024-07-01,10000.0,0,,,0.0,cash
DELT,2024-07-02,10000.0,0,,,0.0,cash
DELT,2024-07-03,10000.0,0,,,0.0,cash
DELT,2024-07-04,10000.0,0,,,0.0,cash
DELT,2024-07-05,10000.0,0,,,0.0,cash
DELT,2024-07-08,10000.0,0,,,0.0,cash
DELT,2024-07-09,10000.0,0,,,0.0,cash
DELT,2024-07-10,10000.0,0,,,0.0,cash
DELT,2024-07-11,10000.0,0,,,0.0,cash
DELT,2024-07-12,10000.0,0,,,0.0,cash
DELT,2024-07-15,10000.0,0,,,0.0,cash
DELT,2024-07-16,10000.0,0,,,0.0,cash
DELT,2024-07-17,10000.0,0,,,0.0,cash
DELT,2024-07-18,10000.0,0,,,0.0,cash
DELT,2024-07-19,10000.0,0,,,0.0,cash
DELT,2024-07-22,10000.0,0,,,0.0,cash
DELT,2024-07-23,10000.0,0,,,0.0,cash
DELT,2024-07-24,10000.0,0,,,0.0,cash
DELT,2024-07-25,10000.0,0,,,0.0,cash
DELT,2024-07-26,10000.0,0,,,0.0,cash
DELT,2024-07-29,10000.0,0,,,0.0,cash
DELT,2024-07-30,10000.0,0,,,0.0,cash
DELT,2024-07-31,10000.0,0,,,0.0,cash
DELT,2024-08-01,10000.0,0,,,0.0,cash
DELT,2024-08-02,10000.0,0,,,0.0,cash
DELT,2024-08-05,10000.0,0,,,0.0,cash
DELT,2024-08-06,10000.0,0,,,0.0,cash
DELT,2024-08-07,10000.0,0,,,0.0,cash
DELT,2024-08-08,10000.0,0,,,0.0,cash
DELT,2024-08-09,10000.0,0,,,0.0,cash
DELT,2024-08-12,10000.0,0,,,0.0,cash
DELT,2024-08-13,10000.0,0,,,0.0,cash
DELT,2024-08-14,10000.0,0,,,0.0,cash
DELT,2024-08-15,10000.0,0,,,0.0,cash
DELT,2024-08-16,10000.0,0,,,0.0,cash
DELT,2024-08-19,10000.0,0,,,0.0,cash
DELT,2024-08-20,10000.0,0,,,0.0,cash
DELT,2024-08-21,10000.0,0,,,0.0,cash
DELT,2024-08-22,10000.0,0,,,0.0,cash
DELT,2024-08-23,10000.0,0,,,0.0,cash
DELT,2024-08-26,10000.0,0,,,0.0,cash
DELT,2024-08-27,10000.0,0,,,0.0,cash
DELT,2024-08-28,10000.0,0,,,0.0,cash
DELT,2024-08-29,10000.0,0,,,0.0,cash
DELT,2024-08-30,10000.0,0,,,0.0,cash
DELT,2024-09-02,10000.0,0,,,0.0,cash
DELT,2024-09-03,10000.0,0,,,0.0,cash
DELT,2024-09-04,10000.0,0,,,0.0,cash
DELT,2024-09-05,10000.0,0,,,0.0,cash
DELT,2024-09-06,10000.0,0,,,0.0,cash
DELT,2024-09-09,10000.0,0,,,0.0,cash
DELT,2024-09-10,10000.0,0,,,0.0,cash
DELT,2024-09-11,10000.0,0,,,0.0,cash
DELT,2024-09-12,10000.0,0,,,0.0,cash
DELT,2024-09-13,10000.0,0,,,0.0,cash
DELT,2024-09-16,10000.0,0,,,0.0,cash
DELT,2024-09-17,10000.0,0,,,0.0,cash
DELT,2024-09-18,10000.0,0,,,0.0,cash
DELT,2024-09-19,10000.0,0,,,0.0,cash
DELT,2024-09-20,10000.0,0,,,0.0,cash
DELT,2024-09-23,10000.0,0,,,0.0,cash
DELT,2024-09-24,10000.0,0,,,0.0,cash
DELT,2024-09-25,10000.0,0,,,0.0,cash
DELT,2024-09-26,10000.0,0,,,0.0,cash
DELT,2024-09-27,10000.0,0,,,0.0,cash
DELT,2024-09-30,10000.0,0,,,0.0,cash
DELT,2024-10-01,10000.0,0,,,0.0,cash
DELT,2024-10-02,10000.0,0,,,0.0,cash
DELT,2024-10-03,10000.0,0,,,0.0,cash
DELT,2024-10-04,10000.0,0,,,0.0,cash
DELT,2024-10-07,10000.0,0,,,0.0,cash
DELT,2024-10-08,10000.0,0,,,0.0,cash
DELT,2024-10-09,10000.0,0,,,0.0,cash
DELT,2024-10-10,10000.0,0,,,0.0,cash
DELT,2024-10-11,10000.0,0,,,0.0,cash
DELT,2024-10-14,10000.0,0,,,0.0,cash
DELT,2024-10-15,10000.0,0,,,0.0,cash
DELT,2024-10-16,10000.0,0,,,0.0,cash
DELT,2024-10-17,10000.0,0,,,0.0,cash
DELT,2024-10-18,10000.0,0,,,0.0,cash
DELT,2024-10-21,10000.0,0,,,0.0,cash
DELT,2024-10-22,10000.0,0,,,0.0,cash
DELT,2024-10-23,10000.0,0,,,0.0,cash
DELT,2024-10-24,10000.0,0,,,0.0,cash
DELT,2024-10-25,10000.0,0,,,0.0,cash
DELT,2024-10-28,10000.0,0,,,0.0,cash
DELT,2024-10-29,10000.0,0,,,0.0,cash
DELT,2024-10-30,10000.0,0,,,0.0,cash
DELT,2024-10-31,10000.0,0,,,0.0,cash
DELT,2024-11-01,10000.0,0,,,0.0,cash
DELT,2024-11-04,10000.0,0,,,0.0,cash
DELT,2024-11-05,10000.0,0,,,0.0,cash
DELT,2024-11-06,10000.0,0,,,0.0,cash
DELT,2024-11-07,10000.0,0,,,0.0,cash
DELT,2024-11-08,10000.0,0,,,0.0,cash
DELT,2024-11-11,10000.0,0,,,0.0,cash
DELT,2024-11-12,10000.0,0,,,0.0,cash
DELT,2024-11-13,10000.0,0,,,0.0,cash
DELT,2024-11-14,10000.0,0,,,0.0,cash
DELT,2024-11-15,10000.0,0,,,0.0,cash
DELT,2024-11-18,10000.0,0,,,0.0,cash
DELT,2024-11-19,10000.0,0,,,0.0,cash
DELT,2024-11-20,10000.0,0,,,0.0,cash
DELT,2024-11-21,10000.0,0,,,0.0,cash
DELT,2024-11-22,10000.0,0,,,0.0,cash
DELT,2024-11-25,10000.0,0,,,0.0,cash
DELT,2024-11-26,10000.0,0,,,0.0,cash
DELT,2024-11-27,10000.0,0,,,0.0,cash
DELT,2024-11-28,10000.0,0,,,0.0,cash
DELT,2024-11-29,10000.0,0,,,0.0,cash
DELT,2024-12-02,10000.0,0,,,0.0,cash
DELT,2024-12-03,10000.0,0,,,0.0,cash
DELT,2024-12-04,10000.0,0,,,0.0,cash
DELT,2024-12-05,10000.0,0,,,0.0,cash
DELT,2024-12-06,10000.0,0,,,0.0,cash
DELT,2024-12-09,10000.0,0,,,0.0,cash
DELT,2024-12-10,10000.0,0,,,0.0,cash
DELT,2024-12-11,10000.0,0,,,0.0,cash
DELT,2024-12-12,10000.0,0,,,0.0,cash
DELT,2024-12-13,10000.0,0,,,0.0,cash
DELT,2024-12-16,10000.0,0,,,0.0,cash
DELT,2024-12-17,10000.0,0,,,0.0,cash
DELT,2024-12-18,10000.0,0,,,0.0,cash
DELT,2024-12-19,10000.0,0,,,0.0,cash
DELT,2024-12-20,10000.0,0,,,0.0,cash
DELT,2024-12-23,10000.0,0,,,0.0,cash
DELT,2024-12-24,10000.0,0,,,0.0,cash
DELT,2024-12-25,10000.0,0,,,0.0,cash
DELT,2024-12-26,10000.0,0,,,0.0,cash
DELT,2024-12-27,10000.0,0,,,0.0,cash
DELT,2024-12-30,10000.0,0,,,0.0,cash
DELT,2024-12-31,10000.0,0,,,0.0,cash
EPSI,2023-10-20,10000.0,0,,,0.0,cash
EPSI,2023-10-23,10000.0,0,,,0.0,cash
EPSI,2023-10-24,10000.0,0,,,0.0,cash
EPSI,2023-10-25,10000.0,0,,,0.0,cash
EPSI,2023-10-26,10000.0,0,,,0.0,cash
EPSI,2023-10-27,10000.0,0,,,0.0,cash
EPSI,2023-10-30,10000.0,0,,,0.0,cash
EPSI,2023-10-31,10000.0,0,,,0.0,cash
EPSI,2023-11-01,10000.0,0,,,0.0,cash
EPSI,2023-11-02,10000.0,0,,,0.0,cash
EPSI,2023-11-03,10000.0,0,,,0.0,cash
EPSI,2023-11-06,10000.0,0,,,0.0,cash
EPSI,2023-11-07,10000.0,0,,,0.0,cash
EPSI,2023-11-08,10000.0,0,,,0.0,cash
EPSI,2023-11-09,10000.0,0,,,0.0,cash
EPSI,2023-11-10,10000.0,0,,,0.0,cash
EPSI,2023-11-13,10000.0,0,,,0.0,cash
EPSI,2023-11-14,10000.0,0,,,0.0,cash
EPSI,2023-11-15,10000.0,0,,,0.0,cash
EPSI,2023-11-16,10000.0,0,,,0.0,cash
EPSI,2023-11-17,10000.0,0,,,0.0,cash
EPSI,2023-11-20,10000.0,0,,,0.0,cash
EPSI,2023-11-21,10000.0,0,,,0.0,cash
EPSI,2023-11-22,10000.0,0,,,0.0,cash
EPSI,2023-11-23,10000.0,0,,,0.0,cash
EPSI,2023-11-24,10000.0,0,,,0.0,cash
EPSI,2023-11-27,10000.0,0,,,0.0,cash
EPSI,2023-11-28,10000.0,0,,,0.0,cash
EPSI,2023-11-29,10000.0,0,,,0.0,cash
EPSI,2023-11-30,10000.0,0,,,0.0,cash
EPSI,2023-12-01,10000.0,0,,,0.0,cash
EPSI,2023-12-04,10000.0,0,,,0.0,cash
EPSI,2023-12-05,10000.0,0,,,0.0,cash
EPSI,2023-12-06,10000.0,0,,,0.0,cash
EPSI,2023-12-07,10000.0,0,,,0.0,cash
EPSI,2023-12-08,10000.0,0,,,0.0,cash
EPSI,2023-12-11,10000.0,0,,,0.0,cash
EPSI,2023-12-12,10000.0,0,,,0.0,cash
EPSI,2023-12-13,10000.0,0,,,0.0,cash
EPSI,2023-12-14,10000.0,0,,,0.0,cash
EPSI,2023-12-15,10000.0,0,,,0.0,cash
EPSI,2023-12-18,10000.0,0,,,0.0,cash
EPSI,2023-12-19,10000.0,0,,,0.0,cash
EPSI,2023-12-20,10000.0,0,,,0.0,cash
EPSI,2023-12-21,10000.0,0,,,0.0,cash
EPSI,2023-12-22,10000.0,0,,,0.0,cash
EPSI,2023-12-25,10000.0,0,,,0.0,cash
EPSI,2023-12-26,10000.0,0,,,0.0,cash
EPSI,2023-12-27,10000.0,0,,,0.0,cash
EPSI,2023-12-28,10000.0,0,,,0.0,cash
EPSI,2023-12-29,10000.0,0,,,0.0,cash
EPSI,2024-01-01,10000.0,0,,,0.0,cash
EPSI,2024-01-02,10000.0,0,,,0.0,cash
EPSI,2024-01-03,10000.0,0,,,0.0,cash
EPSI,2024-01-04,10000.0,0,,,0.0,cash
EPSI,2024-01-05,10000.0,0,,,0.0,cash
EPSI,2024-01-08,10000.0,0,,,0.0,cash
EPSI,2024-01-09,10000.0,0,,,0.0,cash
EPSI,2024-01-10,10000.0,0,,,0.0,cash
EPSI,2024-01-11,10000.0,0,,,0.0,cash
EPSI,2024-01-12,10000.0,0,,,0.0,cash
EPSI,2024-01-15,10000.0,0,,,0.0,cash
EPSI,2024-01-16,10000.0,0,,,0.0,cash
EPSI,2024-01-17,10000.0,0,,,0.0,cash
EPSI,2024-01-18,10000.0,0,,,0.0,cash
EPSI,2024-01-19,10000.0,0,,,0.0,cash
EPSI,2024-01-22,10000.0,0,,,0.0,cash
EPSI,2024-01-23,10000.0,0,,,0.0,cash
EPSI,2024-01-24,10000.0,0,,,0.0,cash
EPSI,2024-01-25,10000.0,0,,,0.0,cash
EPSI,2024-01-26,10000.0,0,,,0.0,cash
EPSI,2024-01-29,10000.0,0,,,0.0,cash
EPSI,2024-01-30,10000.0,0,,,0.0,cash
EPSI,2024-01-31,10000.0,0,,,0.0,cash
EPSI,2024-02-01,10000.0,0,,,0.0,cash
EPSI,2024-02-02,10000.0,0,,,0.0,cash
EPSI,2024-02-05,10000.0,0,,,0.0,cash
EPSI,2024-02-06,10000.0,0,,,0.0,cash
EPSI,2024-02-07,10000.0,0,,,0.0,cash
EPSI,2024-02-08,10000.0,0,,,0.0,cash
EPSI,2024-02-09,10000.0,0,,,0.0,cash
EPSI,2024-02-12,10000.0,0,,,0.0,cash
EPSI,2024-02-13,10000.0,0,,,0.0,cash
EPSI,2024-02-14,10000.0,0,,,0.0,cash
EPSI,2024-02-15,10000.0,0,,,0.0,cash
EPSI,2024-02-16,10000.0,0,,,0.0,cash
EPSI,2024-02-19,10000.0,0,,,0.0,cash
EPSI,2024-02-20,10000.0,0,,,0.0,cash
EPSI,2024-02-21,10000.0,0,,,0.0,cash
EPSI,2024-02-22,10000.0,0,,,0.0,cash
EPSI,2024-02-23,10000.0,0,,,0.0,cash
EPSI,2024-02-26,10000.0,0,,,0.0,cash
EPSI,2024-02-27,10000.0,0,,,0.0,cash
EPSI,2024-02-28,10000.0,0,,,0.0,cash
EPSI,2024-02-29,10000.0,0,,,0.0,cash
EPSI,2024-03-01,10000.0,0,,,0.0,cash
EPSI,2024-03-04,10000.0,0,,,0.0,cash
EPSI,2024-03-05,10000.0,0,,,0.0,cash
EPSI,2024-03-06,10000.0,0,,,0.0,cash
EPSI,2024-03-07,10000.0,0,,,0.0,cash
EPSI,2024-03-08,10000.0,0,,,0.0,cash
EPSI,2024-03-11,10000.0,0,,,0.0,cash
EPSI,2024-03-12,10000.0,0,,,0.0,cash
EPSI,2024-03-13,10000.0,0,,,0.0,cash
EPSI,2024-03-14,10000.0,0,,,0.0,cash
EPSI,2024-03-15,10000.0,0,,,0.0,cash
EPSI,2024-03-18,10000.0,0,,,0.0,cash
EPSI,2024-03-19,10000.0,0,,,0.0,cash
EPSI,2024-03-20,10000.0,0,,,0.0,cash
EPSI,2024-03-21,10000.0,0,,,0.0,cash
EPSI,2024-03-22,10000.0,0,,,0.0,cash
EPSI,2024-03-25,10000.0,0,,,0.0,cash
EPSI,2024-03-26,10000.0,0,,,0.0,cash
EPSI,2024-03-27,10000.0,0,,,0.0,cash
EPSI,2024-03-28,10000.0,0,,,0.0,cash
EPSI,2024-03-29,10000.0,0,,,0.0,cash
EPSI,2024-04-01,10000.0,0,,,0.0,cash
EPSI,2024-04-02,10000.0,0,,,0.0,cash
EPSI,2024-04-03,10000.0,0,,,0.0,cash
EPSI,2024-04-04,10000.0,0,,,0.0,cash
EPSI,2024-04-05,10000.0,0,,,0.0,cash
EPSI,2024-04-08,10000.0,0,,,0.0,cash
EPSI,2024-04-09,10000.0,0,,,0.0,cash
EPSI,2024-04-10,10000.0,0,,,0.0,cash
EPSI,2024-04-11,10000.0,0,,,0.0,cash
EPSI,2024-04-12,10000.0,0,,,0.0,cash
EPSI,2024-04-15,10000.0,0,,,0.0,cash
EPSI,2024-04-16,10000.0,0,,,0.0,cash
EPSI,2024-04-17,10000.0,0,,,0.0,cash
EPSI,2024-04-18,10000.0,0,,,0.0,cash
EPSI,2024-04-19,10000.0,0,,,0.0,cash
EPSI,2024-04-22,10000.0,0,,,0.0,cash
EPSI,2024-04-23,10000.0,0,,,0.0,cash
EPSI,2024-04-24,10000.0,0,,,0.0,cash
EPSI,2024-04-25,10000.0,0,,,0.0,cash
EPSI,2024-04-26,10000.0,0,,,0.0,cash
EPSI,2024-04-29,10000.0,0,,,0.0,cash
EPSI,2024-04-30,10000.0,0,,,0.0,cash
EPSI,2024-05-01,10000.0,0,,,0.0,cash
EPSI,2024-05-02,10000.0,0,,,0.0,cash
EPSI,2024-05-03,10000.0,0,,,0.0,cash
EPSI,2024-05-06,10000.0,0,,,0.0,cash
EPSI,2024-05-07,10000.0,0,,,0.0,cash
EPSI,2024-05-08,10000.0,0,,,0.0,cash
EPSI,2024-05-09,10000.0,0,,,0.0,cash
EPSI,2024-05-10,10000.0,0,,,0.0,cash
EPSI,2024-05-13,10000.0,0,,,0.0,cash
EPSI,2024-05-14,10000.0,0,,,0.0,cash
EPSI,2024-05-15,10000.0,0,,,0.0,cash
EPSI,2024-05-16,10000.0,0,,,0.0,cash
EPSI,2024-05-17,10000.0,0,,,0.0,cash
EPSI,2024-05-20,10000.0,0,,,0.0,cash
EPSI,2024-05-21,10000.0,0,,,0.0,cash
EPSI,2024-05-22,10000.0,0,,,0.0,cash
EPSI,2024-05-23,10000.0,0,,,0.0,cash
EPSI,2024-05-24,10000.0,0,,,0.0,cash
EPSI,2024-05-27,10000.0,0,,,0.0,cash
EPSI,2024-05-28,10000.0,0,,,0.0,cash
EPSI,2024-05-29,10000.0,0,,,0.0,cash
EPSI,2024-05-30,10000.0,0,,,0.0,cash
EPSI,2024-05-31,10000.0,0,,,0.0,cash
EPSI,2024-06-03,10000.0,0,,,0.0,cash
EPSI,2024-06-04,10000.0,0,,,0.0,cash
EPSI,2024-06-05,10000.0,0,,,0.0,cash
EPSI,2024-06-06,10000.0,0,,,0.0,cash
EPSI,2024-06-07,10000.0,0,,,0.0,cash
EPSI,2024-06-10,10000.0,0,,,0.0,cash
EPSI,2024-06-11,10000.0,0,,,0.0,cash
EPSI,2024-06-12,10000.0,0,,,0.0,cash
EPSI,2024-06-13,10000.0,0,,,0.0,cash
EPSI,2024-06-14,10000.0,0,,,0.0,cash
EPSI,2024-06-17,10000.0,0,,,0.0,cash
EPSI,2024-06-18,10000.0,0,,,0.0,cash
EPSI,2024-06-19,10000.0,0,,,0.0,cash
EPSI,2024-06-20,10000.0,0,,,0.0,cash
EPSI,2024-06-21,10000.0,0,,,0.0,cash
EPSI,2024-06-24,10000.0,0,,,0.0,cash
EPSI,2024-06-25,10000.0,0,,,0.0,cash
EPSI,2024-06-26,10000.0,0,,,0.0,cash
EPSI,2024-06-27,10000.0,0,,,0.0,cash
EPSI,2024-06-28,10000.0,0,,,0.0,cash
EPSI,2024-07-01,10000.0,0,,,0.0,cash
EPSI,2024-07-02,10000.0,0,,,0.0,cash
EPSI,2024-07-03,10000.0,0,,,0.0,cash
EPSI,2024-07-04,10000.0,0,,,0.0,cash
EPSI,2024-07-05,10000.0,0,,,0.0,cash
EPSI,2024-07-08,10000.0,0,,,0.0,cash
EPSI,2024-07-09,10000.0,0,,,0.0,cash
EPSI,2024-07-10,10000.0,0,,,0.0,cash
EPSI,2024-07-11,10000.0,0,,,0.0,cash
EPSI,2024-07-12,10000.0,0,,,0.0,cash
EPSI,2024-07-15,10000.0,0,,,0.0,cash
EPSI,2024-07-16,10000.0,0,,,0.0,cash
EPSI,2024-07-17,10000.0,0,,,0.0,cash
EPSI,2024-07-18,10000.0,0,,,0.0,cash
EPSI,2024-07-19,10000.0,0,,,0.0,cash
EPSI,2024-07-22,10000.0,0,,,0.0,cash
EPSI,2024-07-23,10000.0,0,,,0.0,cash
EPSI,2024-07-24,10000.0,0,,,0.0,cash
EPSI,2024-07-25,10000.0,0,,,0.0,cash
EPSI,2024-07-26,10000.0,0,,,0.0,cash
EPSI,2024-07-29,10000.0,0,,,0.0,cash
EPSI,2024-07-30,10000.0,0,,,0.0,cash
EPSI,2024-07-31,10000.0,0,,,0.0,cash
EPSI,2024-08-01,10000.0,0,,,0.0,cash
EPSI,2024-08-02,10000.0,0,,,0.0,cash
EPSI,2024-08-05,10000.0,0,,,0.0,cash
EPSI,2024-08-06,10000.0,0,,,0.0,cash
EPSI,2024-08-07,10000.0,0,,,0.0,cash
EPSI,2024-08-08,10000.0,0,,,0.0,cash
EPSI,2024-08-09,10000.0,0,,,0.0,cash
EPSI,2024-08-12,10000.0,0,,,0.0,cash
EPSI,2024-08-13,10000.0,0,,,0.0,cash
EPSI,2024-08-14,10000.0,0,,,0.0,cash
EPSI,2024-08-15,10000.0,0,,,0.0,cash
EPSI,2024-08-16,10000.0,0,,,0.0,cash
EPSI,2024-08-19,10000.0,0,,,0.0,cash
EPSI,2024-08-20,10000.0,0,,,0.0,cash
EPSI,2024-08-21,10000.0,0,,,0.0,cash
EPSI,2024-08-22,10000.0,0,,,0.0,cash
EPSI,2024-08-23,10000.0,0,,,0.0,cash
EPSI,2024-08-26,10000.0,0,,,0.0,cash
EPSI,2024-08-27,10000.0,0,,,0.0,cash
EPSI,2024-08-28,10000.0,0,,,0.0,cash
EPSI,2024-08-29,10000.0,0,,,0.0,cash
EPSI,2024-08-30,10000.0,0,,,0.0,cash
EPSI,2024-09-02,10000.0,0,,,0.0,cash
EPSI,2024-09-03,10000.0,0,,,0.0,cash
EPSI,2024-09-04,10000.0,0,,,0.0,cash
EPSI,2024-09-05,10000.0,0,,,0.0,cash
EPSI,2024-09-06,10000.0,0,,,0.0,cash
EPSI,2024-09-09,10000.0,0,,,0.0,cash
EPSI,2024-09-10,10000.0,0,,,0.0,cash
EPSI,2024-09-11,10000.0,0,,,0.0,cash
EPSI,2024-09-12,10000.0,0,,,0.0,cash
EPSI,2024-09-13,10000.0,0,,,0.0,cash
EPSI,2024-09-16,10000.0,0,,,0.0,cash
EPSI,2024-09-17,10000.0,0,,,0.0,cash
EPSI,2024-09-18,10000.0,0,,,0.0,cash
EPSI,2024-09-19,10000.0,0,,,0.0,cash
EPSI,2024-09-20,10000.0,0,,,0.0,cash
EPSI,2024-09-23,10000.0,0,,,0.0,cash
EPSI,2024-09-24,10000.0,0,,,0.0,cash
EPSI,2024-09-25,10000.0,0,,,0.0,cash
EPSI,2024-09-26,10000.0,0,,,0.0,cash
EPSI,2024-09-27,10000.0,0,,,0.0,cash
EPSI,2024-09-30,10000.0,0,,,0.0,cash
EPSI,2024-10-01,10000.0,0,,,0.0,cash
EPSI,2024-10-02,10000.0,0,,,0.0,cash
EPSI,2024-10-03,10000.0,0,,,0.0,cash
EPSI,2024-10-04,10000.0,0,,,0.0,cash
EPSI,2024-10-07,10000.0,0,,,0.0,cash
EPSI,2024-10-08,10000.0,0,,,0.0,cash
EPSI,2024-10-09,10000.0,0,,,0.0,cash
EPSI,2024-10-10,10000.0,0,,,0.0,cash
EPSI,2024-10-11,10000.0,0,,,0.0,cash
EPSI,2024-10-14,10000.0,0,,,0.0,cash
EPSI,2024-10-15,10000.0,0,,,0.0,cash
EPSI,2024-10-16,10000.0,0,,,0.0,cash
EPSI,2024-10-17,10000.0,0,,,0.0,cash
EPSI,2024-10-18,10000.0,0,,,0.0,cash
EPSI,2024-10-21,10000.0,0,,,0.0,cash
EPSI,2024-10-22,10000.0,0,,,0.0,cash
EPSI,2024-10-23,10000.0,0,,,0.0,cash
EPSI,2024-10-24,10000.0,0,,,0.0,cash
EPSI,2024-10-25,10000.0,0,,,0.0,cash
EPSI,2024-10-28,10000.0,0,,,0.0,cash
EPSI,2024-10-29,10000.0,0,,,0.0,cash
EPSI,2024-10-30,10000.0,0,,,0.0,cash
EPSI,2024-10-31,10000.0,0,,,0.0,cash
EPSI,2024-11-01,10000.0,0,,,0.0,cash
EPSI,2024-11-04,10000.0,0,,,0.0,cash
EPSI,2024-11-05,10000.0,0,,,0.0,cash
EPSI,2024-11-06,10000.0,0,,,0.0,cash
EPSI,2024-11-07,10000.0,0,,,0.0,cash
EPSI,2024-11-08,10000.0,0,,,0.0,cash
EPSI,2024-11-11,10000.0,0,,,0.0,cash
EPSI,2024-11-12,10000.0,0,,,0.0,cash
EPSI,2024-11-13,10000.0,0,,,0.0,cash
EPSI,2024-11-14,10000.0,0,,,0.0,cash
EPSI,2024-11-15,10000.0,0,,,0.0,cash
EPSI,2024-11-18,10000.0,0,,,0.0,cash
EPSI,2024-11-19,10000.0,0,,,0.0,cash
EPSI,2024-11-20,10000.0,0,,,0.0,cash
EPSI,2024-11-21,10000.0,0,,,0.0,cash
EPSI,2024-11-22,10000.0,0,,,0.0,cash
EPSI,2024-11-25,10000.0,0,,,0.0,cash
EPSI,2024-11-26,10000.0,0,,,0.0,cash
EPSI,2024-11-27,10000.0,0,,,0.0,cash
EPSI,2024-11-28,10000.0,0,,,0.0,cash
EPSI,2024-11-29,10000.0,0,,,0.0,cash
EPSI,2024-12-02,10000.0,0,,,0.0,cash
EPSI,2024-12-03,10000.0,0,,,0.0,cash
EPSI,2024-12-04,10000.0,0,,,0.0,cash
EPSI,2024-12-05,10000.0,0,,,0.0,cash
EPSI,2024-12-06,10000.0,0,,,0.0,cash
EPSI,2024-12-09,10000.0,0,,,0.0,cash
EPSI,2024-12-10,10000.0,0,,,0.0,cash
EPSI,2024-12-11,10000.0,0,,,0.0,cash
EPSI,2024-12-12,10000.0,0,,,0.0,cash
EPSI,2024-12-13,10000.0,0,,,0.0,cash
EPSI,2024-12-16,10000.0,0,,,0.0,cash
EPSI,2024-12-17,10000.0,0,,,0.0,cash
EPSI,2024-12-18,10000.0,0,,,0.0,cash
EPSI,2024-12-19,10000.0,0,,,0.0,cash
EPSI,2024-12-20,10000.0,0,,,0.0,cash
EPSI,2024-12-23,10000.0,0,,,0.0,cash
EPSI,2024-12-24,10000.0,0,,,0.0,cash
EPSI,2024-12-25,10000.0,0,,,0.0,cash
EPSI,2024-12-26,10000.0,0,,,0.0,cash
EPSI,2024-12-27,10000.0,0,,,0.0,cash
EPSI,2024-12-30,10000.0,0,,,0.0,cash
EPSI,2024-12-31,10000.0,0,,,0.0,cash
GAMM,2023-10-20,10000.0,0,,,0.0,cash
GAMM,2023-10-23,10000.0,0,,,0.0,cash
GAMM,2023-10-24,10000.0,0,,,0.0,cash
GAMM,2023-10-25,10000.0,0,,,0.0,cash
GAMM,2023-10-26,10000.0,0,,,0.0,cash
GAMM,2023-10-27,10000.0,0,,,0.0,cash
GAMM,2023-10-30,10000.0,0,,,0.0,cash
GAMM,2023-10-31,10000.0,0,,,0.0,cash
GAMM,2023-11-01,10000.0,0,,,0.0,cash
GAMM,2023-11-02,10000.0,0,,,0.0,cash
GAMM,2023-11-03,10000.0,0,,,0.0,cash
GAMM,2023-11-06,10000.0,0,,,0.0,cash
GAMM,2023-11-07,10000.0,0,,,0.0,cash
GAMM,2023-11-08,10000.0,0,,,0.0,cash
GAMM,2023-11-09,10000.0,0,,,0.0,cash
GAMM,2023-11-10,10000.0,0,,,0.0,cash
GAMM,2023-11-13,10000.0,0,,,0.0,cash
GAMM,2023-11-14,10000.0,0,,,0.0,cash
GAMM,2023-11-15,10000.0,0,,,0.0,cash
GAMM,2023-11-16,10000.0,0,,,0.0,cash
GAMM,2023-11-17,10000.0,0,,,0.0,cash
GAMM,2023-11-20,10000.0,0,,,0.0,cash
GAMM,2023-11-21,10000.0,0,,,0.0,cash
GAMM,2023-11-22,10000.0,0,,,0.0,cash
GAMM,2023-11-23,10000.0,0,,,0.0,cash
GAMM,2023-11-24,10000.0,0,,,0.0,cash
GAMM,2023-11-27,10000.0,0,,,0.0,cash
GAMM,2023-11-28,10000.0,0,,,0.0,cash
GAMM,2023-11-29,10000.0,0,,,0.0,cash
GAMM,2023-11-30,10000.0,0,,,0.0,cash
GAMM,2023-12-01,10000.0,0,,,0.0,cash
GAMM,2023-12-04,10000.0,0,,,0.0,cash
GAMM,2023-12-05,10000.0,0,,,0.0,cash
GAMM,2023-12-06,10000.0,0,,,0.0,cash
GAMM,2023-12-07,10000.0,0,,,0.0,cash
GAMM,2023-12-08,10000.0,0,,,0.0,cash
GAMM,2023-12-11,10000.0,0,,,0.0,cash
GAMM,2023-12-12,10000.0,0,,,0.0,cash
GAMM,2023-12-13,10000.0,0,,,0.0,cash
GAMM,2023-12-14,10000.0,0,,,0.0,cash
GAMM,2023-12-15,10000.0,0,,,0.0,cash
GAMM,2023-12-18,10000.0,0,,,0.0,cash
GAMM,2023-12-19,10000.0,0,,,0.0,cash
GAMM,2023-12-20,10000.0,0,,,0.0,cash
GAMM,2023-12-21,10000.0,0,,,0.0,cash
GAMM,2023-12-22,10000.0,0,,,0.0,cash
GAMM,2023-12-25,10000.0,0,,,0.0,cash
GAMM,2023-12-26,10000.0,0,,,0.0,cash
GAMM,2023-12-27,10000.0,0,,,0.0,cash
GAMM,2023-12-28,10000.0,0,,,0.0,cash
GAMM,2023-12-29,10000.0,0,,,0.0,cash
GAMM,2024-01-01,10000.0,0,,,0.0,cash
GAMM,2024-01-02,10000.0,0,,,0.0,cash
GAMM,2024-01-03,10000.0,0,,,0.0,cash
GAMM,2024-01-04,10000.0,0,,,0.0,cash
GAMM,2024-01-05,10000.0,0,,,0.0,cash
GAMM,2024-01-08,10000.0,0,,,0.0,cash
GAMM,2024-01-09,10000.0,0,,,0.0,cash
GAMM,2024-01-10,10000.0,0,,,0.0,cash
GAMM,2024-01-11,10000.0,0,,,0.0,cash
GAMM,2024-01-12,10000.0,0,,,0.0,cash
GAMM,2024-01-15,10000.0,0,,,0.0,cash
GAMM,2024-01-16,10000.0,0,,,0.0,cash
GAMM,2024-01-17,10000.0,0,,,0.0,cash
GAMM,2024-01-18,10000.0,0,,,0.0,cash
GAMM,2024-01-19,10000.0,0,,,0.0,cash
GAMM,2024-01-22,10000.0,0,,,0.0,cash
GAMM,2024-01-23,10000.0,0,,,0.0,cash
GAMM,2024-01-24,10000.0,0,,,0.0,cash
GAMM,2024-01-25,10000.0,0,,,0.0,cash
GAMM,2024-01-26,10000.0,0,,,0.0,cash
GAMM,2024-01-29,10000.0,0,,,0.0,cash
GAMM,2024-01-30,10000.0,0,,,0.0,cash
GAMM,2024-01-31,10000.0,0,,,0.0,cash
GAMM,2024-02-01,10000.0,0,,,0.0,cash
GAMM,2024-02-02,10000.0,0,,,0.0,cash
GAMM,2024-02-05,10000.0,0,,,0.0,cash
GAMM,2024-02-06,10000.0,0,,,0.0,cash
GAMM,2024-02-07,10000.0,0,,,0.0,cash
GAMM,2024-02-08,10000.0,0,,,0.0,cash
GAMM,2024-02-09,10000.0,0,,,0.0,cash
GAMM,2024-02-12,10000.0,0,,,0.0,cash
GAMM,2024-02-13,10000.0,0,,,0.0,cash
GAMM,2024-02-14,10000.0,0,,,0.0,cash
GAMM,2024-02-15,10000.0,0,,,0.0,cash
GAMM,2024-02-16,10000.0,0,,,0.0,cash
GAMM,2024-02-19,10000.0,0,,,0.0,cash
GAMM,2024-02-20,10000.0,0,,,0.0,cash
GAMM,2024-02-21,10000.0,0,,,0.0,cash
GAMM,2024-02-22,10000.0,0,,,0.0,cash
GAMM,2024-02-23,10000.0,0,,,0.0,cash
GAMM,2024-02-26,10000.0,0,,,0.0,cash
GAMM,2024-02-27,10000.0,0,,,0.0,cash
GAMM,2024-02-28,10000.0,0,,,0.0,cash
GAMM,2024-02-29,10000.0,0,,,0.0,cash
GAMM,2024-03-01,10000.0,0,,,0.0,cash
GAMM,2024-03-04,10000.0,0,,,0.0,cash
GAMM,2024-03-05,10000.0,0,,,0.0,cash
GAMM,2024-03-06,10000.0,0,,,0.0,cash
GAMM,2024-03-07,10000.0,0,,,0.0,cash
GAMM,2024-03-08,10000.0,0,,,0.0,cash
GAMM,2024-03-11,10000.0,0,,,0.0,cash
GAMM,2024-03-12,10000.0,0,,,0.0,cash
GAMM,2024-03-13,10000.0,0,,,0.0,cash
GAMM,2024-03-14,10000.0,0,,,0.0,cash
GAMM,2024-03-15,10000.0,0,,,0.0,cash
GAMM,2024-03-18,10000.0,0,,,0.0,cash
GAMM,2024-03-19,10000.0,0,,,0.0,cash
GAMM,2024-03-20,10000.0,0,,,0.0,cash
GAMM,2024-03-21,10000.0,0,,,0.0,cash
GAMM,2024-03-22,10000.0,0,,,0.0,cash
GAMM,2024-03-25,10000.0,0,,,0.0,cash
GAMM,2024-03-26,10000.0,0,,,0.0,cash
GAMM,2024-03-27,10000.0,0,,,0.0,cash
GAMM,2024-03-28,10000.0,0,,,0.0,cash
GAMM,2024-03-29,10000.0,0,,,0.0,cash
GAMM,2024-04-01,10000.0,0,,,0.0,cash
GAMM,2024-04-02,10000.0,0,,,0.0,cash
GAMM,2024-04-03,10000.0,0,,,0.0,cash
GAMM,2024-04-04,10000.0,0,,,0.0,cash
GAMM,2024-04-05,10000.0,0,,,0.0,cash
GAMM,2024-04-08,10000.0,0,,,0.0,cash
GAMM,2024-04-09,10000.0,0,,,0.0,cash
GAMM,2024-04-10,10000.0,0,,,0.0,cash
GAMM,2024-04-11,10000.0,0,,,0.0,cash
GAMM,2024-04-12,10000.0,0,,,0.0,cash
GAMM,2024-04-15,10000.0,0,,,0.0,cash
GAMM,2024-04-16,10000.0,0,,,0.0,cash
GAMM,2024-04-17,10000.0,0,,,0.0,cash
GAMM,2024-04-18,10000.0,0,,,0.0,cash
GAMM,2024-04-19,10000.0,0,,,0.0,cash
GAMM,2024-04-22,10000.0,0,,,0.0,cash
GAMM,2024-04-23,10000.0,0,,,0.0,cash
GAMM,2024-04-24,10000.0,0,,,0.0,cash
GAMM,2024-04-25,10000.0,0,,,0.0,cash
GAMM,2024-04-26,10000.0,0,,,0.0,cash
GAMM,2024-04-29,10000.0,0,,,0.0,cash
GAMM,2024-04-30,10000.0,0,,,0.0,cash
GAMM,2024-05-01,10000.0,0,,,0.0,cash
GAMM,2024-05-02,10000.0,0,,,0.0,cash
GAMM,2024-05-03,10000.0,0,,,0.0,cash
GAMM,2024-05-06,10000.0,0,,,0.0,cash
GAMM,2024-05-07,10000.0,0,,,0.0,cash
GAMM,2024-05-08,10000.0,0,,,0.0,cash
GAMM,2024-05-09,10000.0,0,,,0.0,cash
GAMM,2024-05-10,10000.0,0,,,0.0,cash
GAMM,2024-05-13,10000.0,0,,,0.0,cash
GAMM,2024-05-14,10000.0,0,,,0.0,cash
GAMM,2024-05-15,10000.0,0,,,0.0,cash
GAMM,2024-05-16,10000.0,0,,,0.0,cash
GAMM,2024-05-17,10000.0,0,,,0.0,cash
GAMM,2024-05-20,10000.0,0,,,0.0,cash
GAMM,2024-05-21,10000.0,0,,,0.0,cash
GAMM,2024-05-22,10000.0,0,,,0.0,cash
GAMM,2024-05-23,10000.0,0,,,0.0,cash
GAMM,2024-05-24,10000.0,0,,,0.0,cash
GAMM,2024-05-27,10000.0,0,,,0.0,cash
GAMM,2024-05-28,10000.0,0,,,0.0,cash
GAMM,2024-05-29,10000.0,0,,,0.0,cash
GAMM,2024-05-30,10000.0,0,,,0.0,cash
GAMM,2024-05-31,10000.0,0,,,0.0,cash
GAMM,2024-06-03,10000.0,0,,,0.0,cash
GAMM,2024-06-04,10000.0,0,,,0.0,cash
GAMM,2024-06-05,10000.0,0,,,0.0,cash
GAMM,2024-06-06,10000.0,0,,,0.0,cash
GAMM,2024-06-07,10000.0,0,,,0.0,cash
GAMM,2024-06-10,10000.0,0,,,0.0,cash
GAMM,2024-06-11,10000.0,0,,,0.0,cash
GAMM,2024-06-12,10000.0,0,,,0.0,cash
GAMM,2024-06-13,10000.0,0,,,0.0,cash
GAMM,2024-06-14,10000.0,0,,,0.0,cash
GAMM,2024-06-17,10000.0,0,,,0.0,cash
GAMM,2024-06-18,10000.0,0,,,0.0,cash
GAMM,2024-06-19,10000.0,0,,,0.0,cash
GAMM,2024-06-20,10000.0,0,,,0.0,cash
GAMM,2024-06-21,10000.0,0,,,0.0,cash
GAMM,2024-06-24,10000.0,0,,,0.0,cash
GAMM,2024-06-25,10000.0,0,,,0.0,cash
GAMM,2024-06-26,10000.0,0,,,0.0,cash
GAMM,2024-06-27,10000.0,0,,,0.0,cash
GAMM,2024-06-28,10000.0,0,,,0.0,cash
GAMM,2024-07-01,10000.0,0,,,0.0,cash
GAMM,2024-07-02,10000.0,0,,,0.0,cash
GAMM,2024-07-03,10000.0,0,,,0.0,cash
GAMM,2024-07-04,10000.0,0,,,0.0,cash
GAMM,2024-07-05,10000.0,0,,,0.0,cash
GAMM,2024-07-08,10000.0,0,,,0.0,cash
GAMM,2024-07-09,10000.0,0,,,0.0,cash
GAMM,2024-07-10,10000.0,0,,,0.0,cash
GAMM,2024-07-11,10000.0,0,,,0.0,cash
GAMM,2024-07-12,10000.0,0,,,0.0,cash
GAMM,2024-07-15,10000.0,0,,,0.0,cash
GAMM,2024-07-16,10000.0,0,,,0.0,cash
GAMM,2024-07-17,10000.0,0,,,0.0,cash
GAMM,2024-07-18,10000.0,0,,,0.0,cash
GAMM,2024-07-19,10000.0,0,,,0.0,cash
GAMM,2024-07-22,10000.0,0,,,0.0,cash
GAMM,2024-07-23,10000.0,0,,,0.0,cash
GAMM,2024-07-24,10000.0,0,,,0.0,cash
GAMM,2024-07-25,10000.0,0,,,0.0,cash
GAMM,2024-07-26,10000.0,0,,,0.0,cash
GAMM,2024-07-29,10000.0,0,,,0.0,cash
GAMM,2024-07-30,10000.0,0,,,0.0,cash
GAMM,2024-07-31,10000.0,0,,,0.0,cash
GAMM,2024-08-01,10000.0,0,,,0.0,cash
GAMM,2024-08-02,10000.0,0,,,0.0,cash
GAMM,2024-08-05,10000.0,0,,,0.0,cash
GAMM,2024-08-06,10000.0,0,,,0.0,cash
GAMM,2024-08-07,10000.0,0,,,0.0,cash
GAMM,2024-08-08,10000.0,0,,,0.0,cash
GAMM,2024-08-09,10000.0,0,,,0.0,cash
GAMM,2024-08-12,10000.0,0,,,0.0,cash
GAMM,2024-08-13,10000.0,0,,,0.0,cash
GAMM,2024-08-14,10000.0,0,,,0.0,cash
GAMM,2024-08-15,10000.0,0,,,0.0,cash
GAMM,2024-08-16,10000.0,0,,,0.0,cash
GAMM,2024-08-19,10000.0,0,,,0.0,cash
GAMM,2024-08-20,10000.0,0,,,0.0,cash
GAMM,2024-08-21,10000.0,0,,,0.0,cash
GAMM,2024-08-22,10000.0,0,,,0.0,cash
GAMM,2024-08-23,10000.0,0,,,0.0,cash
GAMM,2024-08-26,10000.0,0,,,0.0,cash
GAMM,2024-08-27,10000.0,0,,,0.0,cash
GAMM,2024-08-28,10000.0,0,,,0.0,cash
GAMM,2024-08-29,10000.0,0,,,0.0,cash
GAMM,2024-08-30,10000.0,0,,,0.0,cash
GAMM,2024-09-02,10000.0,0,,,0.0,cash
GAMM,2024-09-03,10000.0,0,,,0.0,cash
GAMM,2024-09-04,10000.0,0,,,0.0,cash
GAMM,2024-09-05,10000.0,0,,,0.0,cash
GAMM,2024-09-06,10000.0,0,,,0.0,cash
GAMM,2024-09-09,10000.0,0,,,0.0,cash
GAMM,2024-09-10,10000.0,0,,,0.0,cash
GAMM,2024-09-11,10000.0,0,,,0.0,cash
GAMM,2024-09-12,10000.0,0,,,0.0,cash
GAMM,2024-09-13,10000.0,0,,,0.0,cash
GAMM,2024-09-16,10000.0,0,,,0.0,cash
GAMM,2024-09-17,10000.0,0,,,0.0,cash
GAMM,2024-09-18,10000.0,0,,,0.0,cash
GAMM,2024-09-19,10000.0,0,,,0.0,cash
GAMM,2024-09-20,10000.0,0,,,0.0,cash
GAMM,2024-09-23,10000.0,0,,,0.0,cash
GAMM,2024-09-24,10000.0,0,,,0.0,cash
GAMM,2024-09-25,10000.0,0,,,0.0,cash
GAMM,2024-09-26,10000.0,0,,,0.0,cash
GAMM,2024-09-27,10000.0,0,,,0.0,cash
GAMM,2024-09-30,10000.0,0,,,0.0,cash
GAMM,2024-10-01,10000.0,0,,,0.0,cash
GAMM,2024-10-02,10000.0,0,,,0.0,cash
GAMM,2024-10-03,10000.0,0,,,0.0,cash
GAMM,2024-10-04,10000.0,0,,,0.0,cash
GAMM,2024-10-07,10000.0,0,,,0.0,cash
GAMM,2024-10-08,10000.0,0,,,0.0,cash
GAMM,2024-10-09,10000.0,0,,,0.0,cash
GAMM,2024-10-10,10000.0,0,,,0.0,cash
GAMM,2024-10-11,10000.0,0,,,0.0,cash
GAMM,2024-10-14,10000.0,0,,,0.0,cash
GAMM,2024-10-15,10000.0,0,,,0.0,cash
GAMM,2024-10-16,10000.0,0,,,0.0,cash
GAMM,2024-10-17,10000.0,0,,,0.0,cash
GAMM,2024-10-18,10000.0,0,,,0.0,cash
GAMM,2024-10-21,10000.0,0,,,0.0,cash
GAMM,2024-10-22,10000.0,0,,,0.0,cash
GAMM,2024-10-23,10000.0,0,,,0.0,cash
GAMM,2024-10-24,10000.0,0,,,0.0,cash
GAMM,2024-10-25,10000.0,0,,,0.0,cash
GAMM,2024-10-28,10000.0,0,,,0.0,cash
GAMM,2024-10-29,10000.0,0,,,0.0,cash
GAMM,2024-10-30,10000.0,0,,,0.0,cash
GAMM,2024-10-31,10000.0,0,,,0.0,cash
GAMM,2024-11-01,10000.0,0,,,0.0,cash
GAMM,2024-11-04,10000.0,0,,,0.0,cash
GAMM,2024-11-05,10000.0,0,,,0.0,cash
GAMM,2024-11-06,10000.0,0,,,0.0,cash
GAMM,2024-11-07,10000.0,0,,,0.0,cash
GAMM,2024-11-08,10000.0,0,,,0.0,cash
GAMM,2024-11-11,10000.0,0,,,0.0,cash
GAMM,2024-11-12,10000.0,0,,,0.0,cash
GAMM,2024-11-13,10000.0,0,,,0.0,cash
GAMM,2024-11-14,10000.0,0,,,0.0,cash
GAMM,2024-11-15,10000.0,0,,,0.0,cash
GAMM,2024-11-18,10000.0,0,,,0.0,cash
GAMM,2024-11-19,10000.0,0,,,0.0,cash
GAMM,2024-11-20,10000.0,0,,,0.0,cash
GAMM,2024-11-21,10000.0,0,,,0.0,cash
GAMM,2024-11-22,10000.0,0,,,0.0,cash
GAMM,2024-11-25,10000.0,0,,,0.0,cash
GAMM,2024-11-26,10000.0,0,,,0.0,cash
GAMM,2024-11-27,10000.0,0,,,0.0,cash
GAMM,2024-11-28,10000.0,0,,,0.0,cash
GAMM,2024-11-29,10000.0,0,,,0.0,cash
GAMM,2024-12-02,10000.0,0,,,0.0,cash
GAMM,2024-12-03,10000.0,0,,,0.0,cash
GAMM,2024-12-04,10000.0,0,,,0.0,cash
GAMM,2024-12-05,10000.0,0,,,0.0,cash
GAMM,2024-12-06,10000.0,0,,,0.0,cash
GAMM,2024-12-09,10000.0,0,,,0.0,cash
GAMM,2024-12-10,10000.0,0,,,0.0,cash
GAMM,2024-12-11,10000.0,0,,,0.0,cash
GAMM,2024-12-12,10000.0,0,,,0.0,cash
GAMM,2024-12-13,10000.0,0,,,0.0,cash
GAMM,2024-12-16,10000.0,0,,,0.0,cash
GAMM,2024-12-17,10000.0,0,,,0.0,cash
GAMM,2024-12-18,10000.0,0,,,0.0,cash
GAMM,2024-12-19,10000.0,0,,,0.0,cash
GAMM,2024-12-20,10000.0,0,,,0.0,cash
GAMM,2024-12-23,10000.0,0,,,0.0,cash
GAMM,2024-12-24,10000.0,0,,,0.0,cash
GAMM,2024-12-25,10000.0,0,,,0.0,cash
GAMM,2024-12-26,10000.0,0,,,0.0,cash
GAMM,2024-12-27,10000.0,0,,,0.0,cash
GAMM,2024-12-30,10000.0,0,,,0.0,cash
GAMM,2024-12-31,10000.0,0,,,0.0,cash
